Station Code,DateTimeStamp,Monitoring Program,Rep,F_Record,PO4F,F_PO4F,TDP,F_TDP,TP,F_TP,PHOSP,F_PHOSP,NH4F,F_NH4F,NO2F,F_NO2F,NO3F,F_NO3F,NO23F,F_NO23F,DIN,F_DIN,TDN,F_TDN,TN,F_TN,PN,F_PN,UncCHLa_N,F_UncCHLa_N,CHLA_N,F_CHLA_N,PHEA,F_PHEA,POC,F_POC,SiO4F,F_SiO4F,TSS,F_TSS,WTEM_N,F_WTEM_N,SALT_N,F_SALT_N,DO_N,F_DO_N,PH_N,F_PH_N,TURB_N,F_TURB_N,Color,F_Color,SECCHI,F_SECCHI,IRR0_N,F_IRR0_N,IRR1_N,F_IRR1_N,Kd_N,F_Kd_N
gtmfmnut,01/03/2007 12:01,1,1,,0.014,0,0.035,0,0.036,0,0.001,0,0.034,0,0.0043,<-4> [SBL],,<-4> [SCB],0.0125,0,0.046,0,0.2399,0,0.2771,0,0.0372,0,1.8,0,1.3,0,0.9,0,0.43,0,1.052,0,83.3,0,18.7,0,32.3,0,7.0,0,8.0,0,5.2,0,6.6,0,1.5,0,761.8,0,236.6,0,525.2,0
gtmfmnut,01/03/2007 12:02,1,2,,0.016,0,0.031,0,0.042,0,0.011,0,0.036,0,0.0043,<-4> [SBL],,<-4> [SCB],0.0124,0,0.048,0,0.2484,0,0.2705,0,0.0221,0,1.8,0,1.8,0,0.1,0,0.48,0,1.132,0,84.0,0,18.7,0,32.3,0,7.0,0,8.0,0,5.0,0,6.9,0,1.5,0,761.8,0,236.6,0,525.2,0
gtmssnut,01/03/2007 08:56,1,1,,0.006,0,0.012,0,0.032,0,0.020,0,0.012,<-4> [SBL],0.0043,<-4> [SBL],,<-4> [SCB],0.0062,<-4> [SBL],,<-4> [SCB],0.1648,0,0.2404,0,0.0756,0,4.3,0,3.6,0,1.4,0,0.58,0,0.307,<-4> [SBL],86.0,0,17.7,0,33.5,0,7.4,0,8.1,0,6.1,0,4.6,0,1.4,0,68.0,0,24.3,0,43.7,0
gtmssnut,01/03/2007 08:57,1,2,,0.005,0,0.013,0,0.031,0,0.018,0,0.012,<-4> [SBL],0.0043,<-4> [SBL],,<-4> [SCB],0.0062,<-4> [SBL],,<-4> [SCB],0.1802,0,0.2356,0,0.0554,0,4.4,0,3.8,0,1.2,0,0.55,0,0.307,<-4> [SBL],78.0,0,17.7,0,33.5,0,7.4,0,8.1,0,6.2,0,3.6,0,1.4,0,68.0,0,24.3,0,43.7,0
gtmpinut,01/03/2007 10:21,1,1,,0.011,0,0.028,0,0.050,0,0.022,0,0.027,0,0.0043,<-4> [SBL],,<-4> [SCB],0.0084,0,0.035,0,0.2697,0,0.3332,0,0.0635,0,4.8,0,3.8,0,1.8,0,0.91,0,1.527,0,65.7,0,18.2,0,32.2,0,6.9,0,7.9,0,7.1,0,12.8,0,1.6,0,110.8,0,29.9,0,80.9,0
gtmpinut,01/03/2007 10:22,1,2,,0.012,0,0.025,0,0.043,0,0.018,0,0.017,0,0.0043,<-4> [SBL],,<-4> [SCB],0.0092,0,0.026,0,0.2534,0,0.3692,0,0.1158,0,6.7,0,5.4,0,2.5,0,0.79,0,1.281,0,65.3,0,18.2,0,32.2,0,6.9,0,7.9,0,6.1,0,8.2,0,1.6,0,110.8,0,29.9,0,80.9,0
gtmpcnut,01/03/2007 12:56,1,1,,0.020,0,0.034,0,0.064,0,0.030,0,0.043,0,0.0043,<-4> [SBL],,<-4> [SCB],0.0133,0,0.056,0,0.3184,0,0.4260,0,0.1076,0,4.9,0,4.0,0,1.6,0,1.21,0,2.961,0,60.7,0,18.7,0,25.6,0,6.6,0,7.8,0,8.7,0,24.1,0,1.0,0,368.3,0,27.9,0,340.4,0
gtmpcnut,01/03/2007 12:57,1,2,,0.018,0,0.037,0,0.064,0,0.027,0,0.030,0,0.0043,<-4> [SBL],,<-4> [SCB],0.0127,0,0.043,0,0.2770,0,0.4456,0,0.1686,0,6.8,0,5.6,0,2.3,0,1.17,0,2.803,0,57.0,0,18.7,0,25.6,0,6.6,0,7.8,0,9.4,0,22.2,0,1.0,0,368.3,0,27.9,0,340.4,0
gtmpcnut,01/02/2007 10:30,2,1,,0.024,0,0.044,0,0.070,0,0.026,0,0.088,0,0.0043,<-4> [SBL],,<-4> [SCB],0.0159,0,0.104,0,0.3600,0,0.4645,0,0.1045,0,7.0,0,5.4,0,3.0,0,1.25,0,3.249,0,,<-1>,,<-1>,28.0,0,,<-1>,,<-1>,10.3,0,30.9,0,,<-1>,,<-1>,,<-1>,,<-1>
gtmpcnut,01/02/2007 13:00,2,1,,0.022,0,0.050,0,0.081,0,0.031,0,0.053,0,0.0043,<-4> [SBL],,<-4> [SCB],0.0231,0,0.076,0,0.3817,0,0.4549,0,0.0732,0,8.2,0,5.8,0,4.3,0,1.58,0,4.152,0,,<-1>,,<-1>,23.0,0,,<-1>,,<-1>,10.9,0,32.4,0,,<-1>,,<-1>,,<-1>,,<-1>
gtmpcnut,01/02/2007 15:30,2,1,,0.043,0,0.065,0,0.088,0,0.023,0,0.089,0,0.0044,0,0.0279,0,0.0323,0,0.121,0,0.4199,0,0.5239,0,0.1040,0,7.6,0,5.4,0,4.1,0,1.22,0,5.504,0,,<-1>,,<-1>,18.0,0,,<-1>,,<-1>,7.5,0,42.2,0,,<-1>,,<-1>,,<-1>,,<-1>
gtmpcnut,01/02/2007 18:00,2,1,,0.034,0,0.067,0,0.086,0,0.019,0,0.060,0,0.0047,0,0.0289,0,0.0336,0,0.094,0,0.4094,0,0.5248,0,0.1154,0,5.6,0,3.9,0,3.1,0,1.08,0,6.048,0,,<-1>,,<-1>,15.0,0,,<-1>,,<-1>,6.6,0,48.6,0,,<-1>,,<-1>,,<-1>,,<-1>
gtmpcnut,01/02/2007 20:30,2,1,,0.040,0,0.061,0,0.082,0,0.021,0,0.083,0,0.0045,0,0.0255,0,0.0300,0,0.113,0,0.4147,0,0.5178,0,0.1031,0,5.6,0,3.7,0,3.4,0,1.06,0,5.428,0,,<-1>,,<-1>,19.0,0,,<-1>,,<-1>,5.5,0,48.2,0,,<-1>,,<-1>,,<-1>,,<-1>
gtmpcnut,01/02/2007 23:00,2,1,,0.029,0,0.053,0,0.083,0,0.030,0,0.105,0,0.0043,<-4> [SBL],,<-4> [SCB],0.0259,0,0.131,0,0.4409,0,0.4958,0,0.0549,0,6.2,0,4.2,0,3.6,0,1.03,0,4.197,0,,<-1>,,<-1>,22.0,0,,<-1>,,<-1>,7.7,0,33.1,0,,<-1>,,<-1>,,<-1>,,<-1>
gtmpcnut,01/03/2007 01:30,2,1,,0.037,0,0.063,0,0.086,0,0.023,0,0.070,0,0.0047,0,0.0289,0,0.0336,0,0.104,0,0.4121,0,0.4984,0,0.0863,0,4.5,0,2.9,0,2.9,0,0.96,0,5.621,0,,<-1>,,<-1>,17.0,0,,<-1>,,<-1>,5.6,0,42.9,0,,<-1>,,<-1>,,<-1>,,<-1>
gtmpcnut,01/03/2007 04:00,2,1,,0.050,0,0.073,0,0.094,0,0.021,0,0.100,0,0.0045,0,0.0321,0,0.0366,0,0.137,0,0.4559,0,0.5931,0,0.1372,0,3.8,0,2.4,0,2.4,0,0.74,0,6.264,0,,<-1>,,<-1>,14.0,0,,<-1>,,<-1>,5.1,0,46.7,0,,<-1>,,<-1>,,<-1>,,<-1>
gtmpcnut,01/03/2007 06:30,2,1,,0.059,0,0.082,0,0.095,0,0.013,0,0.115,0,0.0048,0,0.0301,0,0.0349,0,0.150,0,0.4424,0,0.5219,0,0.0795,0,4.2,0,2.9,0,2.4,0,0.79,0,6.627,0,,<-1>,,<-1>,13.0,0,,<-1>,,<-1>,3.6,0,52.7,0,,<-1>,,<-1>,,<-1>,,<-1>
gtmpcnut,01/03/2007 09:00,2,1,,0.039,0,0.054,0,0.082,0,0.028,0,0.099,0,0.0049,0,0.0231,0,0.0280,0,0.127,0,0.4360,0,0.5426,0,0.1066,0,7.2,0,5.4,0,3.3,0,0.94,0,4.331,0,,<-1>,,<-1>,20.0,0,,<-1>,,<-1>,7.6,0,62.5,0,,<-1>,,<-1>,,<-1>,,<-1>
gtmpcnut,01/03/2007 11:30,2,1,,0.019,0,0.033,0,0.062,0,0.029,0,0.050,0,0.0043,<-4> [SBL],,<-4> [SCB],0.0111,0,0.061,0,0.3260,0,0.4306,0,0.1046,0,6.7,0,5.4,0,2.5,0,1.12,0,2.759,0,,<-1>,,<-1>,29.0,0,,<-1>,,<-1>,9.4,0,35.8,0,,<-1>,,<-1>,,<-1>,,<-1>
gtmfmnut,02/19/2007 13:01,1,1,,0.015,0,0.039,0,0.054,0,0.015,0,0.048,0,0.0043,<-4> [SBL],,<-4> [SCB],0.0062,<-4> [SBL],,<-4> [SCB],0.2684,<1> [SRD],0.2868,<1> [SRD],0.0184,<1> [SRD],1.7,0,1.3,0,0.8,0,0.78,0,0.554,0,104.7,0,12.5,0,32.0,0,8.1,0,8.2,0,4.7,0,34.2,0,2.4,0,1757.0,0,609.4,0,1147.6,0
gtmfmnut,02/19/2007 13:02,1,2,,0.012,0,0.036,0,0.045,0,0.009,0,0.046,0,0.0043,<-4> [SBL],,<-4> [SCB],0.0062,<-4> [SBL],,<-4> [SCB],0.4930,<1> [SRD],0.7355,<1> [SRD],0.2425,<1> [SRD],1.6,0,1.3,0,0.6,0,0.58,0,0.668,0,102.3,0,12.5,0,32.0,0,8.1,0,8.2,0,4.0,0,15.3,0,2.4,0,1757.0,0,609.4,0,1147.6,0
gtmssnut,02/19/2007 10:01,1,1,,0.006,0,0.030,0,0.046,0,0.016,0,0.045,0,0.0043,<-4> [SBL],,<-4> [SCB],0.0062,<-4> [SBL],,<-4> [SCB],0.2220,<1> [SCC] (CSM),0.2152,<1> [SCC] (CSM),-0.0068,<-3> [SNV] (CSM),2.6,0,2.4,0,0.3,0,0.74,0,0.513,0,84.3,0,13.4,0,32.8,0,7.9,0,8.2,0,3.3,0,15.6,0,2.3,0,1328.0,0,553.8,0,774.2,0
gtmssnut,02/19/2007 10:02,1,2,,0.006,0,0.026,0,0.056,0,0.030,0,0.045,0,0.0043,<-4> [SBL],,<-4> [SCB],0.0062,<-4> [SBL],,<-4> [SCB],0.3558,0,0.5011,0,0.1453,0,2.4,0,2.2,0,0.3,0,0.80,0,0.487,0,86.7,0,13.4,0,32.8,0,7.9,0,8.2,0,3.1,0,7.8,0,2.3,0,1328.0,0,553.8,0,774.2,0
gtmpinut,02/19/2007 11:31,1,1,,0.014,0,0.038,0,0.059,0,0.021,0,0.037,0,0.0043,<-4> [SBL],,<-4> [SCB],0.0062,<-4> [SBL],,<-4> [SCB],0.3530,<1> [SCC] (CSM),0.2552,<1> [SCC] (CSM),-0.0978,<-3> [SNV] (CSM),5.3,0,4.5,0,1.6,0,1.05,0,1.327,0,97.0,0,12.3,0,30.7,0,8.0,0,8.0,0,5.6,0,42.4,0,1.5,0,1624.0,0,411.7,0,1212.3,0
gtmpinut,02/19/2007 11:32,1,2,,0.011,0,0.037,0,0.045,0,0.008,0,0.031,0,0.0043,<-4> [SBL],,<-4> [SCB],0.0062,<-4> [SBL],,<-4> [SCB],0.1746,0,0.2629,0,0.0883,0,5.1,0,4.2,0,1.7,0,0.87,0,1.088,0,94.7,0,12.3,0,30.7,0,8.0,0,8.0,0,5.4,0,15.0,0,1.5,0,1624.0,0,411.7,0,1212.3,0
gtmpcnut,02/19/2007 14:31,1,1,,0.031,0,0.052,0,0.086,0,0.034,0,0.062,0,0.0057,0,0.0161,0,0.0218,0,0.084,0,0.9240,0,1.0121,0,0.0881,0,10.3,0,8.7,0,3.0,0,1.54,0,4.088,0,41.3,0,11.5,0,18.1,0,8.6,0,8.0,0,5.2,0,88.3,0,1.1,0,1483.0,0,36.6,0,1446.4,0
gtmpcnut,02/19/2007 14:32,1,2,,0.031,0,0.056,0,0.085,0,0.029,0,0.048,0,0.0056,0,0.0157,0,0.0213,0,0.069,0,0.8733,0,1.2206,0,0.3473,0,10.4,0,8.9,0,2.8,0,1.49,0,4.327,0,37.7,0,11.5,0,18.1,0,8.6,0,8.0,0,5.2,0,85.0,0,1.1,0,1483.0,0,36.6,0,1446.4,0
gtmpcnut,02/18/2007 10:20,2,1,,0.038,0,0.056,0,0.089,0,0.033,0,0.099,0,0.0061,0,0.0216,0,0.0277,0,0.127,0,0.8944,0,1.0323,0,0.1379,0,6.2,0,4.0,0,4.0,0,1.25,0,5.348,0,,<-1>,,<-1>,10.0,0,,<-1>,,<-1>,6.6,0,95.8,0,,<-1>,,<-1>,,<-1>,,<-1>
gtmpcnut,02/18/2007 12:50,2,1,,0.027,0,0.057,0,0.078,0,0.021,0,0.056,0,0.0051,0,0.0166,0,0.0217,0,0.078,0,0.6866,0,0.9307,0,0.2441,0,5.5,0,4.0,0,2.7,0,1.29,0,3.734,0,,<-1>,,<-1>,18.0,0,,<-1>,,<-1>,6.2,0,76.4,0,,<-1>,,<-1>,,<-1>,,<-1>
gtmpcnut,02/18/2007 15:20,2,1,,0.034,0,0.066,0,0.083,0,0.017,0,0.083,0,0.0056,0,0.0184,0,0.0240,0,0.107,0,0.6525,0,1.0005,0,0.3480,0,4.9,0,3.1,0,3.1,0,1.04,0,1.100,0,,<-1>,,<-1>,15.0,0,,<-1>,,<-1>,5.4,0,86.1,0,,<-1>,,<-1>,,<-1>,,<-1>
gtmpcnut,02/18/2007 17:50,2,1,,0.048,0,0.066,0,0.095,0,0.029,0,0.082,0,0.0064,0,0.0218,0,0.0282,0,0.110,0,0.6281,0,0.9227,0,0.2946,0,3.9,0,2.6,0,2.4,0,1.12,0,6.008,0,,<-1>,,<-1>,7.0,0,,<-1>,,<-1>,6.1,0,108.7,0,,<-1>,,<-1>,,<-1>,,<-1>
gtmpcnut,02/18/2007 20:20,2,1,,0.046,0,0.069,0,0.102,0,0.033,0,0.084,0,0.0072,0,0.0216,0,0.0288,0,0.113,0,0.8354,0,1.0220,0,0.1866,0,5.4,0,3.4,0,3.8,0,1.26,0,5.529,0,,<-1>,,<-1>,9.0,0,,<-1>,,<-1>,6.5,0,110.2,0,,<-1>,,<-1>,,<-1>,,<-1>
gtmpcnut,02/18/2007 22:50,2,1,,0.040,0,0.063,0,0.094,0,0.031,0,0.082,0,0.0065,0,0.0205,0,0.0270,0,0.109,0,0.2668,0,0.5119,0,0.2451,0,4.7,0,3.1,0,2.8,0,1.45,0,4.713,0,,<-1>,,<-1>,11.0,0,,<-1>,,<-1>,8.0,0,95.0,0,,<-1>,,<-1>,,<-1>,,<-1>
gtmpcnut,02/19/2007 01:20,2,1,,0.034,0,0.051,0,0.079,0,0.028,0,0.070,0,0.0059,0,0.0168,0,0.0227,0,0.093,0,0.8196,0,0.9944,0,0.1748,0,4.8,0,3.4,0,2.6,0,1.10,0,4.054,0,,<-1>,,<-1>,15.0,0,,<-1>,,<-1>,5.9,0,80.5,0,,<-1>,,<-1>,,<-1>,,<-1>
gtmpcnut,02/19/2007 03:50,2,1,,0.038,0,0.061,0,0.096,0,0.035,0,0.089,0,0.0063,0,0.0189,0,0.0252,0,0.114,0,0.8021,0,1.1123,0,0.3102,0,5.4,0,3.6,0,3.3,0,1.18,0,4.508,0,,<-1>,,<-1>,13.0,0,,<-1>,,<-1>,6.1,0,90.9,0,,<-1>,,<-1>,,<-1>,,<-1>
gtmpcnut,02/19/2007 06:20,2,1,,0.041,0,0.056,0,0.090,0,0.034,0,0.093,0,0.0067,0,0.0217,0,0.0284,0,0.121,0,0.8147,0,1.1026,0,0.2879,0,6.1,0,4.0,0,3.7,0,1.09,0,4.806,0,,<-1>,,<-1>,11.0,0,,<-1>,,<-1>,5.9,0,83.9,0,,<-1>,,<-1>,,<-1>,,<-1>
gtmpcnut,02/19/2007 08:50,2,1,,0.053,0,0.070,0,0.096,0,0.026,0,0.093,0,0.0066,0,0.0227,0,0.0293,0,0.122,0,0.7872,0,1.0468,0,0.2596,0,6.0,0,4.2,0,3.2,0,0.93,0,6.066,0,,<-1>,,<-1>,6.0,0,,<-1>,,<-1>,4.9,0,103.9,0,,<-1>,,<-1>,,<-1>,,<-1>
gtmpcnut,02/19/2007 11:20,2,1,,0.033,0,0.054,0,0.083,0,0.029,0,0.069,0,0.0055,0,0.0167,0,0.0222,0,0.091,0,0.5772,0,0.9915,0,0.4143,0,8.4,0,6.9,0,2.9,0,1.47,0,4.058,0,,<-1>,,<-1>,15.0,0,,<-1>,,<-1>,7.0,0,82.4,0,,<-1>,,<-1>,,<-1>,,<-1>
gtmfmnut,03/06/2007 12:51,1,1,,0.016,0,0.038,0,0.039,0,0.001,0,0.037,0,0.0043,<-4> [SBL],,<-4> [SCB],0.0115,0,0.048,0,0.2367,0,0.3105,0,0.0738,0,2.3,0,2.0,0,0.6,0,0.88,0,1.555,0,88.0,0,15.5,0,31.4,0,8.0,0,7.9,0,6.5,0,12.7,0,1.4,0,1891.0,0,441.8,0,1449.2,0
gtmfmnut,03/06/2007 12:52,1,2,,0.015,0,0.033,0,0.042,0,0.009,0,0.040,0,0.0043,<-4> [SBL],,<-4> [SCB],0.0127,0,0.053,0,0.2440,0,0.3291,0,0.0851,0,2.5,0,2.0,0,0.9,0,0.90,0,1.550,0,88.7,0,15.5,0,31.4,0,8.0,0,7.9,0,5.5,0,14.0,0,1.4,0,1891.0,0,441.8,0,1449.2,0
gtmssnut,03/06/2007 10:31,1,1,,0.005,0,0.024,0,0.043,0,0.019,0,0.016,0,0.0043,<-4> [SBL],,<-4> [SCB],0.0062,<-4> [SBL],,<-4> [SCB],0.2193,0,0.3158,0,0.0965,0,5.4,0,4.5,0,1.8,0,0.92,0,0.633,0,76.7,0,16.0,0,33.5,0,7.6,0,7.9,0,7.3,0,8.7,0,1.6,0,1681.0,0,569.8,0,1111.2,0
gtmssnut,03/06/2007 10:32,1,2,,0.006,0,0.024,0,0.035,0,0.011,0,0.014,0,0.0043,<-4> [SBL],,<-4> [SCB],0.0085,0,0.022,0,0.2123,0,0.3132,0,0.1009,0,5.2,0,4.2,0,1.9,0,1.00,0,0.784,0,64.0,0,16.0,0,33.5,0,7.6,0,7.9,0,6.4,0,7.2,0,1.6,0,1681.0,0,569.8,0,1111.2,0
gtmpinut,03/06/2007 11:31,1,1,,0.014,0,0.034,0,0.044,0,0.010,0,0.040,0,0.0043,<-4> [SBL],,<-4> [SCB],0.0218,0,0.062,0,0.3212,0,0.3489,0,0.0277,0,6.0,0,4.9,0,2.0,0,1.08,0,1.848,0,63.0,0,16.3,0,31.2,0,7.1,0,7.8,0,6.6,0,36.6,0,1.4,0,1797.0,0,416.5,0,1380.5,0
gtmpinut,03/06/2007 11:32,1,2,,0.013,0,0.036,0,0.047,0,0.011,0,0.039,0,0.0043,<-4> [SBL],,<-4> [SCB],0.0214,0,0.060,0,0.3158,0,0.3623,0,0.0465,0,6.2,0,4.9,0,2.3,0,1.20,0,1.818,0,48.7,0,16.3,0,31.2,0,7.1,0,7.8,0,6.3,0,11.3,0,1.4,0,1797.0,0,416.5,0,1380.5,0
gtmpcnut,03/06/2007 13:46,1,1,,0.039,0,0.062,0,0.099,0,0.037,0,0.070,0,0.0060,0,0.0141,0,0.0201,0,0.090,0,0.5892,0,0.6890,0,0.0998,0,9.5,0,7.6,0,3.5,0,2.02,0,6.216,0,26.3,0,15.8,0,13.6,0,6.6,0,7.8,0,10.2,0,123.6,0,0.7,0,1687.0,0,23.4,0,1663.6,0
gtmpcnut,03/06/2007 13:47,1,2,,0.040,0,0.058,0,0.103,0,0.045,0,0.058,0,0.0066,0,0.0149,0,0.0215,0,0.080,0,0.5488,0,0.7073,0,0.1585,0,13.5,0,11.4,0,4.0,0,2.09,0,5.945,0,36.3,0,15.8,0,13.6,0,6.6,0,7.8,0,10.8,0,128.1,0,0.7,0,1687.0,0,23.4,0,1663.6,0
gtmpcnut,03/05/2007 12:25,2,1,,0.046,0,0.063,0,0.110,0,0.047,0,0.070,0,0.0063,0,0.0146,0,0.0209,0,0.091,0,0.5154,0,0.6350,0,0.1196,0,13.9,0,11.6,0,4.3,0,2.24,0,5.670,0,,<-1>,,<-1>,,<-2> [GDM],,<-1>,,<-1>,10.8,0,118.8,0,,<-1>,,<-1>,,<-1>,,<-1>
gtmpcnut,03/05/2007 14:55,2,1,,0.058,0,0.075,0,0.107,0,0.032,0,0.072,0,0.0066,0,0.0150,0,0.0216,0,0.094,0,0.5827,0,0.6696,0,0.0869,0,6.9,0,5.6,0,2.4,0,1.67,0,6.919,0,,<-1>,,<-1>,,<-2> [GDM],,<-1>,,<-1>,10.2,0,134.8,0,,<-1>,,<-1>,,<-1>,,<-1>
gtmpcnut,03/05/2007 17:25,2,1,,0.062,0,0.077,0,0.107,0,0.030,0,0.069,0,0.0071,0,0.0231,0,0.0302,0,0.099,0,0.6367,0,0.7244,0,0.0877,0,4.3,0,3.1,0,2.2,0,1.52,0,7.160,0,,<-1>,,<-1>,,<-2> [GDM],,<-1>,,<-1>,9.5,0,158.7,0,,<-1>,,<-1>,,<-1>,,<-1>
gtmpcnut,03/05/2007 19:55,2,1,,0.060,0,0.081,0,0.103,0,0.022,0,0.053,0,0.0078,0,0.0345,0,0.0423,0,0.095,0,0.8087,<1> [SCC] (CSM),0.7604,<1> [SCC] (CSM),-0.0483,<-3> [SNV] (CSM),3.0,0,2.2,0,1.4,0,1.44,0,7.406,0,,<-1>,,<-1>,,<-2> [GDM],,<-1>,,<-1>,8.5,0,187.8,0,,<-1>,,<-1>,,<-1>,,<-1>
gtmpcnut,03/05/2007 22:25,2,1,,0.060,0,0.077,0,0.113,0,0.036,0,0.072,0,0.0073,0,0.0255,0,0.0328,0,0.105,0,0.6266,0,0.6767,0,0.0501,0,5.1,0,3.7,0,2.6,0,1.90,0,7.367,0,,<-1>,,<-1>,,<-2> [GDM],,<-1>,,<-1>,10.8,0,160.9,0,,<-1>,,<-1>,,<-1>,,<-1>
gtmpcnut,03/06/2007 00:55,2,1,,0.052,0,0.069,0,0.102,0,0.033,0,0.079,0,0.0046,0,0.0223,0,0.0269,0,0.106,0,0.5980,0,0.6389,0,0.0409,0,8.6,0,6.7,0,3.6,0,1.76,0,6.376,0,,<-1>,,<-1>,,<-2> [GDM],,<-1>,,<-1>,10.1,0,144.1,0,,<-1>,,<-1>,,<-1>,,<-1>
gtmpcnut,03/06/2007 03:25,2,1,,,<-2> [GDM],,<-2> [GDM],,<-2> [GDM],,<-2> [GCM],,<-2> [GDM],,<-2> [GDM],,<-2> [GCM],,<-2> [GDM],,<-2> [GCM],,<-2> [GDM],,<-2> [GDM],,<-2> [GCM],,<-2> [GDM],,<-2> [GDM],,<-2> [GDM],,<-2> [GDM],,<-2> [GDM],,<-1>,,<-1>,,<-2> [GDM],,<-1>,,<-1>,,<-2> [GDM],,<-2> [GDM],,<-1>,,<-1>,,<-1>,,<-1>
gtmpcnut,03/06/2007 05:55,2,1,,0.058,0,0.075,0,0.100,0,0.025,0,0.072,0,0.0067,0,0.0293,0,0.0360,0,0.108,0,0.5349,0,0.5818,0,0.0469,0,4.1,0,2.7,0,2.6,0,,<-2> [GDM],7.109,0,,<-1>,,<-1>,,<-2> [GDM],,<-1>,,<-1>,9.3,0,171.4,0,,<-1>,,<-1>,,<-1>,,<-1>
gtmpcnut,03/06/2007 08:25,2,1,,0.058,0,0.079,0,0.099,0,0.020,0,0.058,0,0.0076,0,0.0380,0,0.0456,0,0.104,0,0.7408,0,0.7829,0,0.0421,0,3.9,0,2.9,0,1.8,0,1.16,0,7.277,0,,<-1>,,<-1>,,<-2> [GDM],,<-1>,,<-1>,7.8,0,191.6,0,,<-1>,,<-1>,,<-1>,,<-1>
gtmpcnut,03/06/2007 10:55,2,1,,0.055,0,0.071,0,0.119,0,0.048,0,0.055,0,0.0084,0,0.0282,0,0.0366,0,0.092,0,0.6758,0,0.7639,0,0.0881,0,19.8,0,18.1,0,3.4,0,1.58,0,6.996,0,,<-1>,,<-1>,,<-2> [GDM],,<-1>,,<-1>,9.6,0,172.5,0,,<-1>,,<-1>,,<-1>,,<-1>
gtmpcnut,03/06/2007 13:25,2,1,,0.039,0,0.057,0,0.095,0,0.038,0,0.049,0,0.0057,0,0.0106,0,0.0163,0,0.065,0,0.4785,0,0.7057,0,0.2272,0,6.9,0,4.9,0,3.6,0,1.60,0,5.459,0,,<-1>,,<-1>,,<-2> [GDM],,<-1>,,<-1>,11.3,0,104.2,0,,<-1>,,<-1>,,<-1>,,<-1>
gtmfmnut,04/04/2007 12:36,1,1,,0.011,0,0.028,<1> [SRD],0.071,<1> [SRD],0.043,<1> [SRD],0.035,0,0.0043,<-4> [SBL],,<-4> [SCB],0.0085,0,0.044,0,0.1236,0,0.2495,0,0.1259,0,8.1,0,6.9,0,2.2,0,1.45,0,1.974,0,56.5,0,23.4,0,33.0,0,5.8,0,7.9,0,8.5,0,16.7,0,1.1,0,1954.0,0,440.7,0,1513.3,0
gtmfmnut,04/04/2007 12:37,1,2,,0.010,0,0.048,<1> [SRD],0.054,<1> [SRD],0.006,<1> [SRD],0.032,0,0.0043,<-4> [SBL],,<-4> [SCB],0.0071,0,0.039,0,0.1139,0,0.1832,0,0.0693,0,7.7,0,6.5,0,2.4,0,1.37,0,2.022,0,44.5,0,23.4,0,33.0,0,5.8,0,7.9,0,8.2,0,13.9,0,1.1,0,1954.0,0,440.7,0,1513.3,0
gtmssnut,04/04/2007 11:51,1,1,,0.015,0,0.029,0,0.048,0,0.019,0,0.042,0,0.0043,<-4> [SBL],,<-4> [SCB],0.0173,0,0.059,0,0.1240,0,0.2234,0,0.0994,0,4.8,0,3.8,0,1.8,0,1.81,0,1.781,0,51.9,0,21.8,0,33.2,0,6.4,0,7.9,0,7.2,0,12.9,0,1.1,0,1837.0,0,497.4,0,1339.6,0
gtmssnut,04/04/2007 11:52,1,2,,0.015,0,0.028,0,0.052,0,0.024,0,0.042,0,0.0043,<-4> [SBL],,<-4> [SCB],0.0211,0,0.063,0,0.0185,<-4> [SBL],0.2817,0,,<-4> [SCB],4.7,0,4.0,0,1.3,0,1.69,0,1.891,0,46.2,0,21.8,0,33.2,0,6.4,0,7.9,0,6.5,0,15.7,0,1.1,0,1837.0,0,497.4,0,1339.6,0
gtmpinut,04/04/2007 10:31,1,1,,0.011,0,0.029,0,0.063,0,0.034,0,0.034,0,0.0043,<-4> [SBL],,<-4> [SCB],0.0062,<-4> [SBL],,<-4> [SCB],0.0905,0,0.3672,0,0.2767,0,8.3,0,6.0,0,4.1,0,2.07,0,2.332,0,39.0,0,23.6,0,33.5,0,5.3,0,7.6,0,9.9,0,17.1,0,1.2,0,1643.0,0,311.4,0,1331.6,0
gtmpinut,04/04/2007 10:32,1,2,,0.010,0,0.028,0,0.072,0,0.044,0,0.019,0,0.0043,<-4> [SBL],,<-4> [SCB],0.0062,<-4> [SBL],,<-4> [SCB],0.0185,<-4> [SBL],0.2581,0,,<-4> [SCB],8.4,0,6.5,0,3.6,0,2.20,0,2.271,0,39.2,0,23.6,0,33.5,0,5.3,0,7.6,0,9.0,0,19.8,0,1.2,0,1643.0,0,311.4,0,1331.6,0
gtmpcnut,04/04/2007 13:31,1,1,,0.031,0,0.060,0,0.106,0,0.046,0,0.030,0,0.0043,<-4> [SBL],,<-4> [SCB],0.0062,<-4> [SBL],,<-4> [SCB],0.0921,<1> [SRD],0.4735,<1> [SRD],0.3814,<1> [SRD],21.7,0,18.3,0,6.4,0,2.23,0,6.210,0,18.7,0,24.6,0,20.2,0,4.4,0,7.8,0,12.6,0,109.7,0,0.6,0,1778.0,0,16.1,0,1761.9,0
gtmpcnut,04/04/2007 13:32,1,2,,0.033,0,0.064,0,0.110,0,0.046,0,0.031,0,0.0043,<-4> [SBL],,<-4> [SCB],0.0072,0,0.038,0,0.2877,<1> [SRD],0.3666,<1> [SRD],0.0789,<1> [SRD],20.9,0,18.5,0,4.6,0,2.14,0,6.713,0,46.4,0,24.6,0,20.2,0,4.4,0,7.8,0,12.2,0,121.2,0,0.6,0,1778.0,0,16.1,0,1761.9,0
gtmpcnut,04/04/2007 14:00,2,1,,0.031,0,0.054,0,0.085,0,0.031,0,0.303,0,0.0043,<-4> [SBL],,<-4> [SCB],0.0089,0,0.312,0,0.3273,0,0.5347,0,0.2074,0,14.6,0,10.3,0,7.9,0,2.84,0,4.943,0,,<-1>,,<-1>,21.0,0,,<-1>,,<-1>,12.3,0,78.7,0,,<-1>,,<-1>,,<-1>,,<-1>
gtmpcnut,04/04/2007 16:30,2,1,,0.037,0,0.062,0,0.109,0,0.047,0,0.171,0,0.0043,<-4> [SBL],,<-4> [SCB],0.0138,0,0.185,0,0.2510,0,0.5424,0,0.2914,0,12.5,0,8.0,0,8.0,0,3.10,0,5.179,0,,<-1>,,<-1>,22.0,0,,<-1>,,<-1>,19.6,0,82.2,0,,<-1>,,<-1>,,<-1>,,<-1>
gtmpcnut,04/04/2007 19:00,2,1,,0.039,0,0.062,0,0.119,0,0.057,0,0.087,0,0.0048,0,0.0099,0,0.0147,0,0.102,0,0.2511,0,0.5107,0,0.2596,0,13.7,0,8.0,0,10.1,0,3.49,0,5.393,0,,<-1>,,<-1>,20.0,0,,<-1>,,<-1>,23.9,0,73.8,0,,<-1>,,<-1>,,<-1>,,<-1>
gtmpcnut,04/04/2007 21:30,2,1,,0.029,0,0.058,0,0.098,0,0.040,0,0.050,0,0.0045,0,0.0067,0,0.0112,0,0.061,0,0.2621,0,0.3364,0,0.0743,0,9.8,0,6.3,0,6.3,0,3.59,0,5.249,0,,<-1>,,<-1>,20.0,0,,<-1>,,<-1>,20.5,0,71.4,0,,<-1>,,<-1>,,<-1>,,<-1>
gtmpcnut,04/05/2007 00:00,2,1,,0.025,0,0.047,0,0.108,0,0.061,0,0.018,0,0.0047,0,,<-4> [SCB],0.0062,<-4> [SBL],,<-4> [SCB],0.2738,0,0.3991,0,0.1253,0,10.7,0,7.1,0,6.6,0,3.17,0,5.629,0,,<-1>,,<-1>,20.0,0,,<-1>,,<-1>,24.2,0,75.6,0,,<-1>,,<-1>,,<-1>,,<-1>
gtmpcnut,04/05/2007 02:30,2,1,,0.027,0,0.059,0,0.114,0,0.055,0,0.020,0,0.0049,0,,<-4> [SCB],0.0062,<-4> [SBL],,<-4> [SCB],0.2525,0,0.4597,0,0.2072,0,12.4,0,8.7,0,6.7,0,2.49,0,5.560,0,,<-1>,,<-1>,19.0,0,,<-1>,,<-1>,16.7,0,80.8,0,,<-1>,,<-1>,,<-1>,,<-1>
gtmpcnut,04/05/2007 05:00,2,1,,0.038,0,0.067,0,0.112,0,0.045,0,0.070,0,0.0056,0,0.0061,0,0.0117,0,0.082,0,0.2626,0,0.4068,0,0.1442,0,9.7,0,6.2,0,6.3,0,2.44,0,5.817,0,,<-1>,,<-1>,20.0,0,,<-1>,,<-1>,15.1,0,82.5,0,,<-1>,,<-1>,,<-1>,,<-1>
gtmpcnut,04/05/2007 07:30,2,1,,0.052,0,0.077,0,0.143,0,0.066,0,0.172,0,0.0059,0,0.0113,0,0.0172,0,0.189,0,0.3824,0,0.5469,0,0.1645,0,11.2,0,6.0,0,9.2,0,5.73,0,5.965,0,,<-1>,,<-1>,20.0,0,,<-1>,,<-1>,21.7,0,80.1,0,,<-1>,,<-1>,,<-1>,,<-1>
gtmpcnut,04/05/2007 10:00,2,1,,0.035,0,0.060,0,0.152,0,0.092,0,0.077,0,0.0044,0,0.0020,0,0.0064,0,0.083,0,0.2868,0,0.3586,0,0.0718,0,15.7,0,10.5,0,9.4,0,4.40,0,6.153,0,,<-1>,,<-1>,19.0,0,,<-1>,,<-1>,30.8,0,81.1,0,,<-1>,,<-1>,,<-1>,,<-1>
gtmpcnut,04/05/2007 12:30,2,1,,0.025,0,0.047,0,0.126,0,0.079,0,0.033,0,0.0043,<-4> [SBL],,<-4> [SCB],0.0062,<-4> [SBL],,<-4> [SCB],0.2428,0,0.3077,0,0.0649,0,19.1,0,14.7,0,8.1,0,3.75,0,5.751,0,,<-1>,,<-1>,21.0,0,,<-1>,,<-1>,23.7,0,71.4,0,,<-1>,,<-1>,,<-1>,,<-1>
gtmpcnut,04/05/2007 15:00,2,1,,0.031,0,0.056,0,0.125,0,0.069,0,0.216,0,0.0043,<-4> [SBL],,<-4> [SCB],0.0067,0,0.223,0,0.2906,0,0.3747,0,0.0841,0,13.0,0,9.4,0,6.5,0,2.73,0,4.821,0,,<-1>,,<-1>,23.0,0,,<-1>,,<-1>,18.4,0,77.6,0,,<-1>,,<-1>,,<-1>,,<-1>
gtmfmnut,05/15/2007 10:46,1,1,,0.010,0,0.01,<-4> [SBL],0.051,0,,<-4> [SCB],0.025,0,0.0043,<-4> [SBL],,<-4> [SCB],0.0104,0,0.035,0,0.2672,0,0.3539,0,0.0867,0,3.8,0,3.6,0,0.4,0,1.07,0,1.109,0,36.2,0,24.2,0,33.4,0,5.2,0,7.9,0,8.5,0,9.1,0,,<-2> [GDM],1787.0,0,145.9,0,1641.1,0
gtmfmnut,05/15/2007 10:47,1,2,,0.010,0,0.013,0,0.041,0,0.028,0,0.019,0,0.0043,<-4> [SBL],,<-4> [SCB],0.0105,0,0.030,0,0.3045,0,0.3674,0,0.0629,0,3.4,0,3.1,0,0.6,0,1.03,0,1.269,0,42.6,0,24.2,0,33.4,0,5.2,0,7.9,0,8.1,0,11.0,0,,<-2> [GDM],1787.0,0,145.9,0,1641.1,0
gtmssnut,05/15/2007 09:51,1,1,,0.013,0,0.013,0,0.063,0,0.050,0,0.012,0,0.0043,<-4> [SBL],,<-4> [SCB],0.0116,0,0.024,0,0.3112,0,0.4482,0,0.1370,0,3.2,0,2.9,0,0.6,0,1.43,0,1.126,0,43.6,0,23.9,0,33.0,0,5.4,0,7.8,0,9.9,0,9.8,0,,<-2> [GDM],1567.0,0,266.7,0,1300.3,0
gtmssnut,05/15/2007 09:52,1,2,,0.014,0,0.01,<-4> [SBL],0.060,0,,<-4> [SCB],0.017,0,0.0043,<-4> [SBL],,<-4> [SCB],0.0099,0,0.027,0,0.2856,0,0.4279,0,0.1423,0,3.9,0,3.1,0,1.4,0,1.38,0,1.000,0,48.2,0,23.9,0,33.0,0,5.4,0,7.8,0,10.6,0,11.4,0,,<-2> [GDM],1567.0,0,266.7,0,1300.3,0
gtmpinut,05/15/2007 08:41,1,1,,0.012,0,0.027,0,0.061,0,0.034,0,0.013,0,0.0043,<-4> [SBL],,<-4> [SCB],0.0099,0,0.023,0,0.3852,0,0.5546,0,0.1694,0,4.9,0,5.6,0,0.01,<-4> [SBL],1.85,0,1.893,0,61.0,0,24.0,0,34.8,0,4.5,0,7.4,0,12.6,0,7.9,0,,<-2> [GDM],1081.0,0,156.3,0,924.7,0
gtmpinut,05/15/2007 08:42,1,2,,0.012,0,0.015,0,0.048,0,0.033,0,0.038,0,0.0043,<-4> [SBL],,<-4> [SCB],0.0081,0,0.046,0,0.3705,0,0.4225,0,0.0520,0,4.8,0,3.6,0,2.2,0,1.30,0,2.005,0,67.0,0,24.0,0,34.8,0,4.5,0,7.4,0,10.0,0,8.3,0,,<-2> [GDM],1081.0,0,156.3,0,924.7,0
gtmpcnut,05/15/2007 11:03,1,1,,0.014,0,0.048,0,0.086,0,0.038,0,0.012,<-4> [SBL],0.0043,<-4> [SBL],,<-4> [SCB],0.0062,<-4> [SBL],,<-4> [SCB],0.4075,0,0.5859,0,0.1784,0,10.7,0,9.4,0,2.5,0,2.03,0,3.802,0,48.6,0,25.6,0,28.8,0,5.2,0,7.5,0,12.3,0,33.3,0,,<-2> [GDM],1931.0,0,117.0,0,1814.0,0
gtmpcnut,05/15/2007 11:04,1,2,,0.013,0,0.018,0,0.087,0,0.069,0,0.012,<-4> [SBL],0.0043,<-4> [SBL],,<-4> [SCB],0.0062,<-4> [SBL],,<-4> [SCB],0.3702,0,0.6042,0,0.2340,0,11.2,0,9.4,0,3.5,0,2.09,0,3.187,0,50.0,0,25.6,0,28.8,0,5.2,0,7.5,0,14.8,0,42.4,0,,<-2> [GDM],1931.0,0,117.0,0,1814.0,0
gtmpcnut,05/14/2007 09:55,2,1,,0.015,0,0.033,0,0.082,0,0.049,0,0.021,0,0.0043,<-4> [SBL],,<-4> [SCB],0.0062,<-4> [SBL],,<-4> [SCB],0.3288,0,0.5518,0,0.2230,0,10.0,0,8.0,0,3.7,0,1.51,0,2.737,0,,<-1>,,<-1>,34.0,0,,<-1>,,<-1>,13.6,0,52.2,0,,<-1>,,<-1>,,<-1>,,<-1>
gtmpcnut,05/14/2007 12:25,2,1,,0.012,0,0.032,0,0.101,0,0.069,0,0.012,<-4> [SBL],0.0043,<-4> [SBL],,<-4> [SCB],0.0062,<-4> [SBL],,<-4> [SCB],0.3566,0,0.6884,0,0.3318,0,10.7,0,7.8,0,5.2,0,3.99,0,2.529,0,,<-1>,,<-1>,31.0,0,,<-1>,,<-1>,26.1,0,48.8,0,,<-1>,,<-1>,,<-1>,,<-1>
gtmpcnut,05/14/2007 14:55,2,1,,0.015,0,0.023,0,0.088,0,0.065,0,0.012,<-4> [SBL],0.0043,<-4> [SBL],,<-4> [SCB],0.0062,<-4> [SBL],,<-4> [SCB],0.3892,0,0.6380,0,0.2488,0,10.8,0,8.3,0,4.6,0,2.57,0,4.413,0,,<-1>,,<-1>,25.0,0,,<-1>,,<-1>,17.3,0,59.4,0,,<-1>,,<-1>,,<-1>,,<-1>
gtmpcnut,05/14/2007 17:25,2,1,,0.013,0,0.020,0,0.096,0,0.076,0,0.012,<-4> [SBL],0.0043,<-4> [SBL],,<-4> [SCB],0.0062,<-4> [SBL],,<-4> [SCB],0.3846,0,0.6838,0,0.2992,0,9.7,0,6.9,0,5.2,0,2.82,0,3.946,0,,<-1>,,<-1>,26.0,0,,<-1>,,<-1>,19.8,0,52.2,0,,<-1>,,<-1>,,<-1>,,<-1>
gtmpcnut,05/14/2007 19:55,2,1,,0.011,0,0.013,0,0.126,0,0.113,0,0.012,<-4> [SBL],0.0043,<-4> [SBL],,<-4> [SCB],0.0062,<-4> [SBL],,<-4> [SCB],0.3243,0,0.7260,0,0.4017,0,8.2,0,4.8,0,6.0,0,5.74,0,2.919,0,,<-1>,,<-1>,33.0,0,,<-1>,,<-1>,39.0,0,37.8,0,,<-1>,,<-1>,,<-1>,,<-1>
gtmpcnut,05/14/2007 22:25,2,1,,0.010,0,0.01,<-4> [SBL],0.076,0,,<-4> [SCB],0.012,<-4> [SBL],0.0043,<-4> [SBL],,<-4> [SCB],0.0062,<-4> [SBL],,<-4> [SCB],0.2780,0,0.4639,0,0.1859,0,6.6,0,4.7,0,3.5,0,1.71,0,2.533,0,,<-1>,,<-1>,35.0,0,,<-1>,,<-1>,14.9,0,26.1,0,,<-1>,,<-1>,,<-1>,,<-1>
gtmpcnut,05/15/2007 00:55,2,1,,0.012,0,0.01,<-4> [SBL],0.087,0,,<-4> [SCB],0.012,<-4> [SBL],0.0043,<-4> [SBL],,<-4> [SCB],0.0062,<-4> [SBL],,<-4> [SCB],0.3256,0,0.5807,0,0.2551,0,7.0,0,4.5,0,4.5,0,2.51,0,2.745,0,,<-1>,,<-1>,33.0,0,,<-1>,,<-1>,21.2,0,33.3,0,,<-1>,,<-1>,,<-1>,,<-1>
gtmpcnut,05/15/2007 03:25,2,1,,0.016,0,0.015,0,0.094,0,0.079,0,0.012,<-4> [SBL],0.0043,<-4> [SBL],,<-4> [SCB],0.0062,<-4> [SBL],,<-4> [SCB],0.3836,0,0.6263,0,0.2427,0,8.4,0,5.4,0,5.4,0,5.05,0,4.271,0,,<-1>,,<-1>,28.0,0,,<-1>,,<-1>,24.2,0,52.2,0,,<-1>,,<-1>,,<-1>,,<-1>
gtmpcnut,05/15/2007 05:55,2,1,,0.018,0,0.023,0,0.081,0,0.058,0,0.012,<-4> [SBL],0.0043,<-4> [SBL],,<-4> [SCB],0.0062,<-4> [SBL],,<-4> [SCB],0.3946,0,0.6623,0,0.2677,0,7.4,0,5.1,0,4.2,0,4.05,0,4.123,0,,<-1>,,<-1>,25.0,0,,<-1>,,<-1>,11.3,0,59.0,0,,<-1>,,<-1>,,<-1>,,<-1>
gtmpcnut,05/15/2007 08:25,2,1,,0.015,0,0.017,0,0.086,0,0.069,0,0.018,0,0.0043,<-4> [SBL],,<-4> [SCB],0.0062,<-4> [SBL],,<-4> [SCB],0.3710,0,0.6372,0,0.2662,0,11.0,0,8.7,0,4.3,0,3.21,0,3.131,0,,<-1>,,<-1>,30.0,0,,<-1>,,<-1>,19.4,0,41.6,0,,<-1>,,<-1>,,<-1>,,<-1>
gtmpcnut,05/15/2007 10:55,2,1,,0.013,0,0.027,0,0.085,0,0.058,0,0.012,<-4> [SBL],0.0043,<-4> [SBL],,<-4> [SCB],0.0062,<-4> [SBL],,<-4> [SCB],0.4107,0,0.5817,0,0.1710,0,11.7,0,9.6,0,3.9,0,2.58,0,2.841,0,,<-1>,,<-1>,32.0,0,,<-1>,,<-1>,15.0,0,32.5,0,,<-1>,,<-1>,,<-1>,,<-1>
gtmfmnut,06/13/2007 09:36,1,1,,0.018,0,0.034,0,0.050,0,0.016,0,0.087,0,0.0043,<-4> [SBL],,<-4> [SCB],0.0216,0,0.109,0,0.4313,0,0.5170,0,0.0857,0,5.8,0,4.2,0,2.8,0,1.56,0,1.893,<1> (CHB),66.0,<1> (CHB),26.8,0,31.6,0,4.8,0,7.8,0,10.1,0,10.4,0,0.9,0,1649.0,0,259.4,0,1389.6,0
gtmfmnut,06/13/2007 09:37,1,2,,0.008,0,0.023,0,0.058,0,0.035,0,0.086,0,0.0043,0,0.0173,0,0.0216,0,0.108,0,0.4258,0,0.4769,0,0.0511,0,6.0,0,4.7,0,2.4,0,1.40,0,2.040,<1> (CHB),84.0,<1> (CHB),26.8,0,31.6,0,4.8,0,7.8,0,10.3,0,8.8,0,0.9,0,1649.0,0,259.4,0,1389.6,0
gtmssnut,06/13/2007 06:46,1,1,,0.002,<-4> [SBL],0.011,0,0.051,0,0.040,0,0.041,0,0.0043,<-4> [SBL],,<-4> [SCB],0.0118,0,0.053,0,0.2646,0,0.4579,0,0.1933,0,4.6,0,1.3,0,5.7,<1> [SRD],1.52,0,0.382,<1> (CHB),42.0,<1> (CHB),26.5,0,32.7,0,5.8,0,8.0,0,5.5,0,5.4,0,1.4,0,390.6,0,93.7,0,296.9,0
gtmssnut,06/13/2007 06:47,1,2,,0.002,<-4> [SBL],0.011,0,0.053,0,0.042,0,0.038,0,0.0043,<-4> [SBL],,<-4> [SCB],0.0075,0,0.046,0,0.2157,0,0.3819,0,0.1662,0,4.1,0,3.1,0,1.8,<1> [SRD],1.26,0,0.348,<1> (CHB),34.0,<1> (CHB),26.5,0,32.7,0,5.8,0,8.0,0,5.2,0,2.7,0,1.4,0,390.6,0,93.7,0,296.9,0
gtmpinut,06/13/2007 08:11,1,1,,0.009,0,0.015,0,0.057,0,0.042,0,0.070,0,0.0046,0,0.0055,0,0.0101,0,0.080,0,0.4355,0,0.5786,0,0.1431,0,6.7,0,5.6,0,2.1,0,1.53,0,1.645,<1> (CHB),58.0,<1> (CHB),27.7,0,31.1,0,4.0,0,7.7,0,8.6,0,15.0,0,1.0,0,966.5,0,171.1,0,795.4,0
gtmpinut,06/13/2007 08:12,1,2,,0.005,0,0.010,0,0.059,0,0.049,0,0.079,0,0.0049,0,0.0055,0,0.0104,0,0.089,0,0.4681,0,0.5975,0,0.1294,0,6.6,0,5.1,0,2.7,0,1.47,0,1.536,<1> (CHB),30.0,<1> (CHB),27.7,0,31.1,0,4.0,0,7.7,0,8.4,0,14.2,0,1.0,0,966.5,0,171.1,0,795.4,0
gtmpcnut,06/13/2007 10:31,1,1,,0.020,0,0.047,0,0.102,0,0.055,0,0.035,0,0.0043,<-4> [SBL],,<-4> [SCB],0.0062,<-4> [SBL],,<-4> [SCB],0.4392,0,0.6769,0,0.2377,0,18.2,0,15.2,0,5.7,0,2.29,0,3.336,<1> (CHB),96.0,<1> (CHB),27.4,0,26.4,0,4.3,0,7.5,0,11.9,0,41.9,0,0.8,0,1676.0,0,81.4,0,1594.6,0
gtmpcnut,06/13/2007 10:32,1,2,,0.018,0,0.045,0,0.090,0,0.045,0,0.033,0,0.0043,<-4> [SBL],,<-4> [SCB],0.0062,<-4> [SBL],,<-4> [SCB],0.4029,0,0.7062,0,0.3033,0,17.2,0,13.4,0,7.0,0,2.42,0,3.073,<1> (CHB),76.0,<1> (CHB),27.4,0,26.4,0,4.3,0,7.5,0,11.2,0,40.0,0,0.8,0,1676.0,0,81.4,0,1594.6,0
gtmpcnut,06/12/2007 09:30,2,1,,0.022,0,0.048,0,0.089,0,0.041,0,0.029,0,0.0043,<-4> [SBL],,<-4> [SCB],0.0062,<-4> [SBL],,<-4> [SCB],0.3925,0,0.6331,0,0.2406,0,13.0,0,9.8,0,5.8,0,1.67,0,3.014,<1> (CHB),,<-1>,,<-1>,32.0,0,,<-1>,,<-1>,9.4,0,50.0,0,,<-1>,,<-1>,,<-1>,,<-1>
gtmpcnut,06/12/2007 12:00,2,1,,0.027,0,0.055,0,0.121,0,0.066,0,0.016,0,0.0043,<-4> [SBL],,<-4> [SCB],0.0062,<-4> [SBL],,<-4> [SCB],0.4453,0,0.7170,0,0.2717,0,13.2,0,10.3,0,5.5,0,1.92,0,4.059,<1> (CHB),,<-1>,,<-1>,25.0,0,,<-1>,,<-1>,16.4,0,54.6,0,,<-1>,,<-1>,,<-1>,,<-1>
gtmpcnut,06/12/2007 14:30,2,1,,0.036,0,0.061,0,0.108,0,0.047,0,0.015,0,0.0043,<-4> [SBL],,<-4> [SCB],0.0062,<-4> [SBL],,<-4> [SCB],0.4702,0,0.6957,0,0.2255,0,19.1,0,15.6,0,6.6,0,1.93,0,4.340,<1> (CHB),,<-1>,,<-1>,20.0,0,,<-1>,,<-1>,11.0,0,58.1,0,,<-1>,,<-1>,,<-1>,,<-1>
gtmpcnut,06/12/2007 17:00,2,1,,0.033,0,0.056,0,0.109,0,0.053,0,0.012,<-4> [SBL],,<-2> [GDM],,<-2> [GCM],0.0062,<-4> [SBL],,<-4> [SCB],0.4539,0,0.7085,0,0.2546,0,18.1,0,14.2,0,7.3,0,2.41,0,4.444,<1> (CHB),,<-1>,,<-1>,21.0,0,,<-1>,,<-1>,13.5,0,58.8,0,,<-1>,,<-1>,,<-1>,,<-1>
gtmpcnut,06/12/2007 19:30,2,1,,0.021,0,0.045,0,0.093,0,0.048,0,0.012,<-4> [SBL],0.0043,<-4> [SBL],,<-4> [SCB],0.0062,<-4> [SBL],,<-4> [SCB],0.3892,0,0.8006,0,0.4114,0,16.3,0,11.0,0,9.7,0,2.11,0,3.404,<1> (CHB),,<-1>,,<-1>,30.0,0,,<-1>,,<-1>,37.1,0,38.5,0,,<-1>,,<-1>,,<-1>,,<-1>
gtmpcnut,06/12/2007 22:00,2,1,,0.015,0,0.042,0,0.078,0,0.036,0,0.019,0,0.0043,<-4> [SBL],,<-4> [SCB],0.0062,<-4> [SBL],,<-4> [SCB],0.3388,0,0.5248,0,0.1860,0,10.8,0,7.8,0,5.5,0,2.63,0,2.396,<1> (CHB),,<-1>,,<-1>,35.0,0,,<-1>,,<-1>,13.7,0,25.4,0,,<-1>,,<-1>,,<-1>,,<-1>
gtmpcnut,06/13/2007 00:30,2,1,,0.020,0,0.044,0,0.117,0,0.073,0,0.029,0,0.0043,<-4> [SBL],,<-4> [SCB],0.0062,<-4> [SBL],,<-4> [SCB],0.3880,0,0.7385,0,0.3505,0,12.7,0,8.5,0,7.6,0,3.29,0,2.430,<1> (CHB),,<-1>,,<-1>,32.0,0,,<-1>,,<-1>,28.1,0,38.8,0,,<-1>,,<-1>,,<-1>,,<-1>
gtmpcnut,06/13/2007 03:00,2,1,,0.030,0,0.054,0,0.116,0,0.062,0,0.040,0,0.0043,<-4> [SBL],,<-4> [SCB],0.0080,0,0.048,0,0.4585,0,0.7332,0,0.2747,0,11.7,0,8.3,0,6.2,0,2.73,0,2.950,<1> (CHB),,<-1>,,<-1>,23.0,0,,<-1>,,<-1>,18.4,0,54.2,0,,<-1>,,<-1>,,<-1>,,<-1>
gtmpcnut,06/13/2007 05:30,2,1,,0.037,0,0.058,0,0.100,0,0.042,0,0.047,0,,<-2> [GDM],,<-2> [GCM],0.0094,0,0.056,0,0.4692,0,0.6573,0,0.1881,0,10.1,0,6.7,0,6.2,0,2.14,0,4.252,<1> (CHB),,<-1>,,<-1>,20.0,0,,<-1>,,<-1>,9.3,0,61.5,0,,<-1>,,<-1>,,<-1>,,<-1>
gtmpcnut,06/13/2007 08:00,2,1,,0.024,0,0.047,0,0.101,0,0.054,0,0.036,0,0.0043,<-4> [SBL],,<-4> [SCB],0.0062,<-4> [SBL],,<-4> [SCB],0.4421,0,0.6668,0,0.2247,0,11.2,0,7.9,0,5.9,0,2.28,0,3.673,<1> (CHB),,<-1>,,<-1>,28.0,0,,<-1>,,<-1>,15.4,0,61.5,0,,<-1>,,<-1>,,<-1>,,<-1>
gtmpcnut,06/13/2007 10:30,2,1,,0.021,0,0.041,0,0.146,0,0.105,0,0.035,0,0.0044,0,,<-4> [SCB],0.0062,<-4> [SBL],,<-4> [SCB],0.4062,0,0.6401,0,0.2339,0,14.3,0,11.2,0,5.9,0,2.96,0,3.497,<1> (CHB),,<-1>,,<-1>,30.0,0,,<-1>,,<-1>,12.0,0,41.5,0,,<-1>,,<-1>,,<-1>,,<-1>
gtmfmnut,07/16/2007 13:26,1,1,,0.006,0,0.033,0,0.051,0,0.018,0,0.018,0,0.0043,<-4> [SBL],,<-4> [SCB],0.0081,0,0.026,0,0.1721,0,0.2959,0,0.1238,0,5.0,0,3.8,0,2.2,0,1.56,0,1.059,0,56.2,0,29.4,0,31.8,0,5.6,0,7.9,0,11.3,0,4.4,0,0.7,0,1876.0,0,293.7,0,1582.3,0
gtmfmnut,07/16/2007 13:27,1,2,,0.005,0,0.029,0,0.055,0,0.026,0,0.013,0,0.0043,<-4> [SBL],,<-4> [SCB],0.0079,0,0.021,0,0.1835,0,0.2982,0,0.1147,0,8.4,0,6.7,0,3.1,0,1.28,0,1.151,0,52.8,0,29.4,0,31.8,0,5.6,0,7.9,0,7.8,0,8.9,0,0.7,0,1876.0,0,293.7,0,1582.3,0
gtmssnut,07/16/2007 10:06,1,1,,0.003,0,0.022,0,0.041,0,0.019,0,0.023,0,0.0043,<-4> [SBL],,<-4> [SCB],0.0065,0,0.030,0,0.1865,0,0.2229,0,0.0364,0,5.9,0,5.1,0,1.4,0,1.25,0,0.380,0,38.6,0,28.1,0,32.9,0,5.6,0,8.0,0,3.0,0,1.1,0,2.4,0,1603.0,0,824.2,0,778.8,0
gtmssnut,07/16/2007 10:07,1,2,,0.003,0,0.021,0,0.030,0,0.009,0,0.020,0,0.0043,<-4> [SBL],,<-4> [SCB],0.0064,0,0.026,0,0.1700,0,0.2037,0,0.0337,0,5.2,0,4.7,0,1.1,0,1.09,0,0.390,0,26.0,0,28.1,0,32.9,0,5.6,0,8.0,0,3.2,0,1.1,0,2.4,0,1603.0,0,824.2,0,778.8,0
gtmpinut,07/16/2007 11:41,1,1,,0.009,0,0.026,0,0.061,0,0.035,0,0.038,0,0.0043,<-4> [SBL],,<-4> [SCB],0.0089,0,0.047,0,0.3161,0,0.4985,0,0.1824,0,12.5,0,10.5,0,3.8,0,1.50,0,1.050,0,40.8,0,29.4,0,32.0,0,4.0,0,7.6,0,6.7,0,12.2,0,1.2,0,1843.0,0,441.6,0,1401.4,0
gtmpinut,07/16/2007 11:42,1,2,,0.009,0,0.034,0,0.062,0,0.028,0,0.029,0,0.0043,<-4> [SBL],,<-4> [SCB],0.0084,0,0.037,0,0.3510,0,0.4389,0,0.0879,0,9.2,0,8.0,0,2.2,0,1.61,0,0.919,0,38.8,0,29.4,0,32.0,0,4.0,0,7.6,0,6.1,0,15.2,0,1.2,0,1843.0,0,441.6,0,1401.4,0
gtmpcnut,07/16/2007 14:21,1,1,,0.051,0,0.071,0,0.122,0,0.051,0,0.018,0,0.0043,<-4> [SBL],,<-4> [SCB],0.0068,0,0.025,0,0.4474,0,0.6316,0,0.1842,0,20.6,0,17.0,0,6.8,0,2.75,0,6.655,0,35.8,0,30.4,0,14.1,0,5.4,0,7.8,0,12.1,0,69.3,0,0.8,0,1740.0,0,29.5,0,1710.5,0
gtmpcnut,07/16/2007 14:22,1,2,,0.051,0,0.069,0,0.120,0,0.051,0,0.024,0,0.0043,<-4> [SBL],,<-4> [SCB],0.0065,0,0.030,0,0.4288,0,0.6459,0,0.2171,0,22.4,0,18.8,0,7.0,0,2.66,0,6.961,0,30.0,0,30.4,0,14.1,0,5.4,0,7.8,0,11.5,0,67.8,0,0.8,0,1740.0,0,29.5,0,1710.5,0
gtmpcnut,07/15/2007 10:00,2,1,,0.065,0,0.080,0,0.142,0,0.062,0,0.107,0,0.0043,<-4> [SBL],,<-4> [SCB],0.0186,0,0.126,0,0.5336,0,0.7133,0,0.1797,0,17.2,0,12.1,0,9.3,0,1.98,0,7.146,0,,<-1>,,<-1>,15.0,0,,<-1>,,<-1>,12.3,0,67.0,0,,<-1>,,<-1>,,<-1>,,<-1>
gtmpcnut,07/15/2007 12:30,2,1,,0.049,0,0.072,0,0.131,0,0.059,0,0.077,0,0.0043,<-4> [SBL],,<-4> [SCB],0.0096,0,0.087,0,0.4932,0,0.6778,0,0.1846,0,20.3,0,14.7,0,10.2,0,2.10,0,6.524,0,,<-1>,,<-1>,20.0,0,,<-1>,,<-1>,11.8,0,53.6,0,,<-1>,,<-1>,,<-1>,,<-1>
gtmpcnut,07/15/2007 15:00,2,1,,0.068,0,0.085,0,0.120,0,0.035,0,0.041,0,0.0043,<-4> [SBL],,<-4> [SCB],0.0135,0,0.054,0,0.4880,0,0.5607,0,0.0727,0,14.7,0,9.2,0,10.0,0,1.87,0,6.756,0,,<-1>,,<-1>,11.0,0,,<-1>,,<-1>,11.0,0,76.4,0,,<-1>,,<-1>,,<-1>,,<-1>
gtmpcnut,07/15/2007 17:30,2,1,,0.076,0,0.091,0,0.129,0,0.038,0,0.047,0,0.0043,<-4> [SBL],,<-4> [SCB],0.0069,0,0.054,0,0.4719,0,0.5984,0,0.1265,0,21.8,0,17.7,0,7.8,0,2.01,0,7.399,0,,<-1>,,<-1>,9.0,0,,<-1>,,<-1>,10.9,0,91.3,0,,<-1>,,<-1>,,<-1>,,<-1>
gtmpcnut,07/15/2007 20:00,2,1,,0.077,0,0.094,0,0.158,0,0.064,0,0.033,0,0.0043,<-4> [SBL],,<-4> [SCB],0.0073,0,0.040,0,0.4766,0,0.6752,0,0.1986,0,28.4,0,24.4,0,7.8,0,2.10,0,7.876,0,,<-1>,,<-1>,8.0,0,,<-1>,,<-1>,14.4,0,92.0,0,,<-1>,,<-1>,,<-1>,,<-1>
gtmpcnut,07/15/2007 22:30,2,1,,0.049,0,0.070,0,0.128,0,0.058,0,0.066,0,0.0043,<-4> [SBL],,<-4> [SCB],0.0110,0,0.077,0,0.4964,0,0.7237,0,0.2273,0,19.4,0,13.4,0,10.9,0,2.88,0,6.993,0,,<-1>,,<-1>,16.0,0,,<-1>,,<-1>,16.3,0,63.3,0,,<-1>,,<-1>,,<-1>,,<-1>
gtmpcnut,07/16/2007 01:00,2,1,,0.035,0,0.062,0,0.103,0,0.041,0,0.076,0,0.0043,<-4> [SBL],,<-4> [SCB],0.0104,0,0.086,0,0.4346,0,0.6442,0,0.2096,0,13.4,0,9.4,0,7.3,0,2.09,0,5.141,0,,<-1>,,<-1>,24.0,0,,<-1>,,<-1>,11.9,0,38.7,0,,<-1>,,<-1>,,<-1>,,<-1>
gtmpcnut,07/16/2007 03:30,2,1,,0.053,0,0.076,0,0.120,0,0.044,0,0.068,0,0.0124,0,0.0004,0,0.0128,0,0.081,0,0.4813,0,0.6459,0,0.1646,0,14.2,0,9.6,0,8.4,0,2.20,0,6.699,0,,<-1>,,<-1>,16.0,0,,<-1>,,<-1>,11.9,0,63.3,0,,<-1>,,<-1>,,<-1>,,<-1>
gtmpcnut,07/16/2007 06:00,2,1,,0.070,0,0.084,0,0.131,0,0.047,0,0.089,0,0.0066,0,0.0090,0,0.0156,0,0.105,0,0.5172,0,0.6473,0,0.1301,0,15.3,0,11.8,0,6.3,0,1.72,0,7.115,0,,<-1>,,<-1>,11.0,0,,<-1>,,<-1>,8.6,0,80.1,0,,<-1>,,<-1>,,<-1>,,<-1>
gtmpcnut,07/16/2007 08:30,2,1,,0.083,0,0.100,0,0.152,0,0.052,0,0.118,0,0.0054,0,0.0081,0,0.0135,0,0.132,0,0.5638,0,0.6856,0,0.1218,0,26.4,0,22.6,0,7.4,0,2.03,0,7.080,0,,<-1>,,<-1>,9.0,0,,<-1>,,<-1>,8.2,0,89.4,0,,<-1>,,<-1>,,<-1>,,<-1>
gtmpcnut,07/16/2007 11:00,2,1,,0.055,0,0.076,0,0.126,0,0.050,0,0.035,0,0.0071,0,,<-4> [SCB],0.0062,<-4> [SBL],,<-4> [SCB],0.4503,0,0.7201,0,0.2698,0,30.9,0,26.8,0,7.9,0,2.45,0,6.454,0,,<-1>,,<-1>,15.0,0,,<-1>,,<-1>,11.4,0,68.5,0,,<-1>,,<-1>,,<-1>,,<-1>
gtmfmnut,08/13/2007 11:36,1,1,,0.016,0,0.032,0,0.059,0,0.027,0,0.019,0,0.0043,<-4> [SBL],,<-4> [SCB],0.0062,<-4> [SBL],,<-4> [SCB],0.2795,0,0.3846,0,0.1051,0,12.2,0,10.7,0,2.9,0,1.18,0,2.022,0,48.0,0,30.9,0,32.7,0,5.0,0,7.9,0,5.3,0,26.4,0,1.4,0,1740.0,0,513.3,0,1226.7,0
gtmfmnut,08/13/2007 11:37,1,2,,0.016,0,0.030,0,0.061,0,0.031,0,0.014,0,0.0043,<-4> [SBL],,<-4> [SCB],0.0062,<-4> [SBL],,<-4> [SCB],0.3680,0,0.4014,0,0.0334,0,12.0,0,10.7,0,2.6,0,1.29,0,2.060,0,38.8,0,30.9,0,32.7,0,5.0,0,7.9,0,5.3,0,11.0,0,1.4,0,1740.0,0,513.3,0,1226.7,0
gtmssnut,08/13/2007 08:51,1,1,,0.007,0,0.015,0,0.037,0,0.022,0,0.020,0,0.0043,<-4> [SBL],,<-4> [SCB],0.0062,<-4> [SBL],,<-4> [SCB],0.1907,0,0.2934,0,0.1027,0,5.5,0,4.7,0,1.6,0,0.69,0,0.460,0,35.6,0,29.3,0,33.0,0,5.4,0,8.0,0,3.1,0,10.3,0,2.0,0,774.2,0,387.5,0,386.7,0
gtmssnut,08/13/2007 08:52,1,2,,0.006,0,0.015,0,0.031,0,0.016,0,0.039,0,0.0043,<-4> [SBL],,<-4> [SCB],0.0062,<-4> [SBL],,<-4> [SCB],0.2134,0,0.2554,0,0.0420,0,4.9,0,4.2,0,1.2,0,0.93,0,0.528,0,23.8,0,29.3,0,33.0,0,5.4,0,8.0,0,3.2,0,13.6,0,2.0,0,774.2,0,387.5,0,386.7,0
gtmpinut,08/13/2007 10:01,1,1,,0.013,0,0.030,0,0.062,0,0.032,0,0.030,<1> [SRD],0.0043,<-4> [SBL],,<-4> [SCB],0.0062,<-4> [SBL],,<-4> [SCB],0.3789,0,0.5940,0,0.2151,0,14.2,0,12.3,0,3.8,0,1.35,0,2.883,0,23.8,0,31.0,0,33.0,0,4.3,0,7.7,0,4.1,0,18.7,0,1.2,0,1357.0,0,344.8,0,1012.2,0
gtmpinut,08/13/2007 10:02,1,2,,0.013,0,0.030,0,0.059,0,0.029,0,0.158,<1> [SRD],0.0043,<-4> [SBL],,<-4> [SCB],0.0062,<-4> [SBL],,<-4> [SCB],0.3480,0,0.4503,0,0.1023,0,14.9,0,13.4,0,3.0,0,1.18,0,2.486,0,24.6,0,31.0,0,33.0,0,4.3,0,7.7,0,3.8,0,19.8,0,1.2,0,1357.0,0,344.8,0,1012.2,0
gtmpcnut,08/13/2007 12:26,1,1,,0.043,0,0.055,0,0.142,0,0.087,0,0.031,0,0.0043,<-4> [SBL],,<-4> [SCB],0.0062,<-4> [SBL],,<-4> [SCB],0.7072,<1> [SCC] (CSM),0.6988,<1> [SCC] (CSM),-0.0084,<-3> [SNV] (CSM),31.1,0,24.1,0,12.9,0,2.77,0,6.893,0,52.4,0,31.8,0,23.4,0,4.1,0,7.9,0,17.2,0,74.5,0,0.5,0,1718.0,0,24.9,0,1693.1,0
gtmpcnut,08/13/2007 12:27,1,2,,0.041,0,0.063,0,0.130,0,0.067,0,0.041,0,0.0043,<-4> [SBL],,<-4> [SCB],0.0062,<-4> [SBL],,<-4> [SCB],0.5137,0,0.7223,0,0.2086,0,33.2,0,26.6,0,12.3,0,2.89,0,5.331,0,66.7,0,31.8,0,23.4,0,4.1,0,7.9,0,16.0,0,71.9,0,0.5,0,1718.0,0,24.9,0,1693.1,0
gtmpcnut,08/12/2007 10:55,2,1,,0.064,0,0.092,0,0.161,0,0.069,0,0.050,0,0.0050,0,0.0074,0,0.0124,0,0.062,0,0.8229,0,0.8482,0,0.0253,0,22.2,0,12.3,0,17.8,0,2.70,0,8.350,0,,<-1>,,<-1>,23.0,0,,<-1>,,<-1>,19.0,0,103.0,0,,<-1>,,<-1>,,<-1>,,<-1>
gtmpcnut,08/12/2007 13:25,2,1,,0.079,0,0.107,0,0.177,0,0.070,0,0.041,0,0.0061,0,0.0074,0,0.0135,0,0.054,0,0.6383,0,0.9554,0,0.3171,0,23.5,0,13.6,0,17.7,0,2.77,0,8.536,0,,<-1>,,<-1>,18.0,0,,<-1>,,<-1>,20.9,0,151.6,0,,<-1>,,<-1>,,<-1>,,<-1>
gtmpcnut,08/12/2007 15:55,2,1,,0.077,0,0.103,0,0.170,0,0.067,0,0.052,0,0.0059,0,0.0061,0,0.0120,0,0.064,0,0.7112,0,0.8068,0,0.0956,0,22.5,0,13.8,0,15.6,0,2.74,0,7.657,0,,<-1>,,<-1>,15.0,0,,<-1>,,<-1>,18.0,0,149.0,0,,<-1>,,<-1>,,<-1>,,<-1>
gtmpcnut,08/12/2007 18:25,2,1,,0.075,0,0.104,0,0.180,0,0.076,0,0.042,0,0.0057,0,0.0054,0,0.0111,0,0.053,0,0.6693,0,0.8457,0,0.1764,0,20.0,0,12.8,0,12.9,0,3.43,0,8.582,0,,<-1>,,<-1>,14.0,0,,<-1>,,<-1>,19.6,0,158.5,0,,<-1>,,<-1>,,<-1>,,<-1>
gtmpcnut,08/12/2007 20:55,2,1,,0.065,0,0.096,0,0.166,0,0.070,0,0.019,0,0.0051,0,0.0034,0,0.0085,0,0.028,0,0.6968,0,0.8573,0,0.1605,0,20.8,0,12.8,0,14.4,0,3.73,0,8.603,0,,<-1>,,<-1>,17.0,0,,<-1>,,<-1>,16.9,0,133.7,0,,<-1>,,<-1>,,<-1>,,<-1>
gtmpcnut,08/12/2007 23:25,2,1,,0.038,0,0.063,0,0.126,0,0.063,0,0.021,0,0.0043,<-4> [SBL],,<-4> [SCB],0.0062,<-4> [SBL],,<-4> [SCB],0.5341,0,0.7294,0,0.1953,0,17.4,0,11.4,0,10.8,0,2.89,0,6.438,0,,<-1>,,<-1>,27.0,0,,<-1>,,<-1>,19.3,0,71.2,0,,<-1>,,<-1>,,<-1>,,<-1>
gtmpcnut,08/13/2007 01:55,2,1,,0.055,0,0.082,0,0.164,0,0.082,0,0.030,0,0.0043,<-4> [SBL],,<-4> [SCB],0.0090,0,0.039,0,0.6627,0,0.9688,0,0.3061,0,18.4,0,10.9,0,13.3,0,3.21,0,8.190,0,,<-1>,,<-1>,23.0,0,,<-1>,,<-1>,19.4,0,90.6,0,,<-1>,,<-1>,,<-1>,,<-1>
gtmpcnut,08/13/2007 04:25,2,1,,0.077,0,0.108,0,0.167,0,0.059,0,0.017,0,0.0053,0,0.0088,0,0.0141,0,0.031,0,0.8182,0,0.9968,0,0.1786,0,16.7,0,9.8,0,12.4,0,2.70,0,8.742,0,,<-1>,,<-1>,17.0,0,,<-1>,,<-1>,16.0,0,140.2,0,,<-1>,,<-1>,,<-1>,,<-1>
gtmpcnut,08/13/2007 06:55,2,1,,0.083,0,0.116,0,0.173,0,0.057,0,0.031,0,0.0058,0,0.0111,0,0.0169,0,0.048,0,0.8035,0,0.8588,0,0.0553,0,19.0,0,12.5,0,11.8,0,2.16,0,8.439,0,,<-1>,,<-1>,15.0,0,,<-1>,,<-1>,13.9,0,153.0,0,,<-1>,,<-1>,,<-1>,,<-1>
gtmpcnut,08/13/2007 09:25,2,1,,0.068,0,0.105,0,0.170,0,0.065,0,0.069,0,0.0054,0,0.0069,0,0.0123,0,0.081,0,0.7578,0,1.0208,0,0.2630,0,23.2,0,15.0,0,14.8,0,2.29,0,6.598,0,,<-1>,,<-1>,20.0,0,,<-1>,,<-1>,18.1,0,114.3,0,,<-1>,,<-1>,,<-1>,,<-1>
gtmpcnut,08/13/2007 11:55,2,1,,0.044,0,0.071,0,0.130,0,0.059,0,0.012,<-4> [SBL],0.0043,<-4> [SBL],,<-4> [SCB],0.0062,<-4> [SBL],,<-4> [SCB],0.7644,0,0.8095,0,0.0451,0,29.6,0,23.0,0,12.2,0,2.64,0,5.712,0,,<-1>,,<-1>,27.0,0,,<-1>,,<-1>,18.4,0,66.8,0,,<-1>,,<-1>,,<-1>,,<-1>
gtmfmnut,09/11/2007 10:56,1,1,,0.016,0,0.026,0,0.053,0,0.027,0,0.071,0,0.0043,<-4> [SBL],,<-4> [SCB],0.0111,0,0.082,0,0.3289,0,0.3916,0,0.0627,0,6.5,0,4.7,0,3.4,0,0.82,0,2.176,0,45.8,0,28.2,0,33.4,0,4.7,0,7.8,0,8.6,0,7.6,0,1.0,0,591.1,0,230.7,0,360.4,0
gtmfmnut,09/11/2007 10:57,1,2,,0.015,0,0.030,0,0.051,0,0.021,0,0.068,0,0.0043,<-4> [SBL],,<-4> [SCB],0.0097,0,0.078,0,0.2645,0,0.3338,0,0.0693,0,6.8,0,5.1,0,3.1,0,1.01,0,1.979,0,41.6,0,28.2,0,33.4,0,4.7,0,7.8,0,8.2,0,7.2,0,1.0,0,591.1,0,230.7,0,360.4,0
gtmssnut,09/11/2007 08:36,1,1,,0.007,0,0.018,0,0.038,0,0.020,0,0.086,0,0.0043,<-4> [SBL],,<-4> [SCB],0.0062,<-4> [SBL],,<-4> [SCB],0.2248,0,0.3470,0,0.1222,0,5.8,0,4.5,0,2.4,0,1.60,0,0.325,0,30.0,0,28.6,0,34.1,0,5.4,0,7.9,0,5.4,0,1.3,0,2.0,0,890.6,0,317.4,0,573.2,0
gtmssnut,09/11/2007 08:37,1,2,,0.008,0,0.019,0,0.037,0,0.018,0,0.041,0,0.0043,<-4> [SBL],,<-4> [SCB],0.0062,<-4> [SBL],,<-4> [SCB],0.2883,0,0.4610,0,0.1727,0,6.1,0,4.7,0,2.5,0,1.53,0,0.647,0,27.2,0,28.6,0,34.1,0,5.4,0,7.9,0,5.6,0,2.4,0,2.0,0,890.6,0,317.4,0,573.2,0
gtmpinut,09/11/2007 09:26,1,1,,0.013,0,0.027,0,0.054,0,0.027,0,0.059,0,0.0043,<-4> [SBL],,<-4> [SCB],0.0077,0,0.067,0,0.3536,0,0.4025,0,0.0489,0,10.9,0,8.3,0,4.9,0,2.02,0,1.774,0,51.4,0,28.5,0,33.6,0,4.3,0,7.6,0,8.7,0,12.9,0,1.5,0,1403.0,0,218.6,0,1184.4,0
gtmpinut,09/11/2007 09:27,1,2,,0.012,0,0.025,0,0.057,0,0.032,0,0.056,0,0.0043,<-4> [SBL],,<-4> [SCB],0.0078,0,0.064,0,0.2475,0,0.3271,0,0.0796,0,11.0,0,8.3,0,5.1,0,1.90,0,1.696,0,45.0,0,28.5,0,33.6,0,4.3,0,7.6,0,11.8,0,13.2,0,1.5,0,1403.0,0,218.6,0,1184.4,0
gtmpcnut,09/11/2007 11:56,1,1,,0.025,0,0.047,0,0.089,0,0.042,0,0.073,0,0.0043,<-4> [SBL],,<-4> [SCB],0.0125,0,0.085,0,0.4123,0,0.4653,0,0.0530,0,17.5,0,13.0,0,8.3,0,1.68,0,3.945,0,51.2,0,27.8,0,22.4,0,3.6,0,7.5,0,12.1,0,59.6,0,0.7,0,992.0,0,96.5,0,895.5,0
gtmpcnut,09/11/2007 11:57,1,2,,0.014,0,0.037,0,0.089,0,0.052,0,0.018,0,0.0043,<-4> [SBL],,<-4> [SCB],0.0062,<-4> [SBL],,<-4> [SCB],0.4554,0,0.5146,0,0.0592,0,19.3,0,14.3,0,9.2,0,1.79,0,4.365,0,43.7,0,27.8,0,22.4,0,3.6,0,7.5,0,11.9,0,43.6,0,0.7,0,992.0,0,96.5,0,895.5,0
gtmpcnut,09/10/2007 11:20,2,1,,0.024,0,0.050,0,0.081,0,0.031,0,0.067,0,0.0043,<-4> [SBL],,<-4> [SCB],0.0098,0,0.077,0,0.3308,0,0.3418,0,0.0110,0,19.6,0,15.2,0,8.1,0,1.65,0,3.491,0,,<-1>,,<-1>,28.0,0,,<-1>,,<-1>,13.9,0,58.9,0,,<-1>,,<-1>,,<-1>,,<-1>
gtmpcnut,09/10/2007 13:50,2,1,,0.022,0,0.048,0,0.086,0,0.038,0,0.017,0,0.0043,<-4> [SBL],,<-4> [SCB],0.0062,<-4> [SBL],,<-4> [SCB],0.3334,0,0.4052,0,0.0718,0,16.4,0,11.2,0,9.6,0,2.22,0,5.273,0,,<-1>,,<-1>,23.0,0,,<-1>,,<-1>,12.0,0,63.4,0,,<-1>,,<-1>,,<-1>,,<-1>
gtmpcnut,09/10/2007 16:20,2,1,,0.027,0,0.052,0,0.102,0,0.050,0,0.037,0,0.0043,<-4> [SBL],,<-4> [SCB],0.0062,<-4> [SBL],,<-4> [SCB],0.5112,0,0.6089,0,0.0977,0,15.4,0,10.3,0,9.2,0,2.02,0,4.905,0,,<-1>,,<-1>,19.0,0,,<-1>,,<-1>,14.5,0,69.8,0,,<-1>,,<-1>,,<-1>,,<-1>
gtmpcnut,09/10/2007 18:50,2,1,,0.030,0,0.053,0,0.100,0,0.047,0,0.031,0,0.0043,<-4> [SBL],,<-4> [SCB],0.0085,0,0.040,0,0.4259,0,0.6164,0,0.1905,0,12.9,0,8.2,0,8.4,0,1.95,0,4.669,0,,<-1>,,<-1>,17.0,0,,<-1>,,<-1>,13.5,0,74.2,0,,<-1>,,<-1>,,<-1>,,<-1>
gtmpcnut,09/10/2007 22:20,2,1,,0.022,0,0.050,0,0.092,0,0.042,0,0.040,0,0.0043,<-4> [SBL],,<-4> [SCB],0.0120,0,0.052,0,0.6024,0,0.6202,0,0.0178,0,12.3,0,7.1,0,9.4,0,1.71,0,3.817,0,,<-1>,,<-1>,24.0,0,,<-1>,,<-1>,18.8,0,58.5,0,,<-1>,,<-1>,,<-1>,,<-1>
gtmpcnut,09/10/2007 23:50,2,1,,0.022,0,0.045,0,0.083,0,0.038,0,0.052,0,0.0043,<-4> [SBL],,<-4> [SCB],0.0110,0,0.063,0,0.3778,0,0.3934,0,0.0156,0,13.0,0,7.6,0,9.8,0,2.00,0,3.431,0,,<-1>,,<-1>,25.0,0,,<-1>,,<-1>,13.9,0,56.3,0,,<-1>,,<-1>,,<-1>,,<-1>
gtmpcnut,09/11/2007 02:20,2,1,,0.034,0,0.057,0,0.086,0,0.029,0,0.058,0,0.0044,0,0.0067,0,0.0111,0,0.069,0,0.4646,0,0.5736,0,0.1090,0,10.2,0,5.8,0,7.9,0,2.21,0,4.742,0,,<-1>,,<-1>,16.0,0,,<-1>,,<-1>,8.7,0,74.6,0,,<-1>,,<-1>,,<-1>,,<-1>
gtmpcnut,09/11/2007 04:50,2,1,,0.038,0,0.071,0,0.089,0,0.018,0,0.066,0,0.0043,<-4> [SBL],,<-4> [SCB],0.0075,0,0.074,0,0.4368,0,0.4504,0,0.0136,0,10.2,0,6.2,0,7.1,0,1.80,0,5.928,0,,<-1>,,<-1>,15.0,0,,<-1>,,<-1>,7.4,0,84.7,0,,<-1>,,<-1>,,<-1>,,<-1>
gtmpcnut,09/11/2007 07:20,2,1,,0.039,0,0.063,0,0.089,0,0.026,0,0.081,0,0.0050,0,0.0069,0,0.0119,0,0.093,0,0.4917,0,0.5927,0,0.1010,0,12.7,0,7.2,0,9.9,0,1.98,0,5.294,0,,<-1>,,<-1>,15.0,0,,<-1>,,<-1>,9.0,0,82.9,0,,<-1>,,<-1>,,<-1>,,<-1>
gtmpcnut,09/11/2007 09:50,2,1,,0.027,0,0.051,0,0.090,0,0.039,0,0.092,0,0.0043,0,0.0072,0,0.0115,0,0.104,0,0.5596,0,0.6366,0,0.0770,0,23.0,0,15.0,0,14.5,0,2.13,0,4.340,0,,<-1>,,<-1>,21.0,0,,<-1>,,<-1>,14.6,0,65.3,0,,<-1>,,<-1>,,<-1>,,<-1>
gtmpcnut,09/11/2007 12:20,2,1,,0.024,0,0.051,0,0.090,0,0.039,0,0.059,0,0.0043,<-4> [SBL],,<-4> [SCB],0.0127,0,0.072,0,0.5744,0,0.6321,0,0.0577,0,22.0,0,16.5,0,10.0,0,1.92,0,4.168,0,,<-1>,,<-1>,22.0,0,,<-1>,,<-1>,15.1,0,63.4,0,,<-1>,,<-1>,,<-1>,,<-1>
gtmfmnut,10/10/2007 09:54,1,1,,0.006,0,0.020,0,0.064,0,0.044,0,0.012,0,0.0043,<-4> [SBL],,<-4> [SCB],0.0062,<-4> [SBL],,<-4> [SCB],0.5429,0,0.6408,0,0.0979,0,25.2,0,24.1,0,2.6,0,2.25,0,1.309,0,55.3,<1> [SRD],27.7,0,29.9,0,6.0,0,7.9,0,3.0,0,41.4,0,1.5,0,1464.0,0,257.8,0,1206.2,0
gtmfmnut,10/10/2007 09:55,1,2,,0.006,0,0.018,0,0.070,0,0.052,0,0.013,0,0.0043,<-4> [SBL],,<-4> [SCB],0.0062,<-4> [SBL],,<-4> [SCB],0.5073,0,0.6346,0,0.1273,0,23.4,0,22.8,0,1.7,0,2.38,0,1.070,0,16.3,<1> [SRD],27.7,0,29.9,0,6.0,0,7.9,0,3.4,0,34.7,0,1.5,0,1464.0,0,257.8,0,1206.2,0
gtmssnut,10/10/2007 07:51,1,1,,0.003,0,0.012,0,0.046,0,0.034,0,0.013,0,0.0043,<-4> [SBL],,<-4> [SCB],0.0062,<-4> [SBL],,<-4> [SCB],0.3617,0,0.5162,0,0.1545,0,14.3,0,13.8,0,1.3,0,2.32,0,0.333,0,112.7,<1> [SRD],27.3,0,30.0,0,6.3,0,7.8,0,2.1,0,15.6,0,1.5,0,271.2,0,37.5,0,233.7,0
gtmssnut,10/10/2007 07:52,1,2,,0.003,0,0.014,0,0.041,0,0.027,0,0.016,0,0.0043,<-4> [SBL],,<-4> [SCB],0.0062,<-4> [SBL],,<-4> [SCB],0.3620,0,0.4922,0,0.1302,0,14.6,0,14.3,0,1.0,0,2.22,0,0.464,0,50.0,<1> [SRD],27.3,0,30.0,0,6.3,0,7.8,0,3.0,0,13.9,0,1.5,0,271.2,0,37.5,0,233.7,0
gtmpinut,10/10/2007 08:34,1,1,,0.066,0,0.087,0,0.121,0,0.034,0,0.239,0,0.0136,0,0.0247,0,0.0383,0,0.277,0,0.9954,0,1.1465,0,0.1511,0,3.8,0,2.2,0,2.8,0,1.88,0,4.695,0,40.0,<1> [SRD],27.4,0,9.4,0,3.1,0,7.5,0,13.1,0,259.5,0,0.5,0,548.4,0,0.9,0,547.5,0
gtmpinut,10/10/2007 08:35,1,2,,0.065,0,0.088,0,0.116,0,0.028,0,0.244,0,0.0111,0,0.0221,0,0.0332,0,0.277,0,1.0124,0,1.0490,0,0.0366,0,3.9,0,2.2,0,2.9,0,1.79,0,4.622,0,96.0,<1> [SRD],27.4,0,9.4,0,3.1,0,7.5,0,12.5,0,249.2,0,0.5,0,548.4,0,0.9,0,547.5,0
gtmpcnut,10/10/2007 10:42,1,1,,0.041,0,0.065,0,0.090,0,0.025,0,0.144,0,0.0096,0,0.0142,0,0.0238,0,0.168,0,1.0414,0,1.1214,0,0.0800,0,5.3,0,4.5,0,1.6,0,1.48,0,5.590,0,37.0,0,27.3,0,16.6,0,3.2,0,7.6,0,5.9,0,305.4,0,0.5,0,1328.0,0,1.5,0,1326.5,0
gtmpcnut,10/10/2007 10:43,1,2,,0.040,0,0.064,0,0.091,0,0.027,0,0.146,0,0.0093,0,0.0143,0,0.0236,0,0.170,0,1.0534,0,1.0834,0,0.0300,0,5.4,0,4.7,0,1.4,0,1.27,0,5.898,0,42.0,0,27.3,0,16.6,0,3.2,0,7.6,0,6.0,0,310.0,0,0.5,0,1328.0,0,1.5,0,1326.5,0
gtmpcnut,10/09/2007 10:00,2,1,,0.042,0,0.062,0,0.094,0,0.032,0,0.132,0,0.0126,0,0.0185,0,0.0311,0,0.163,0,0.7340,0,1.0083,0,0.2743,0,3.9,0,2.7,0,2.1,0,1.73,0,6.268,0,,<-1>,,<-1>,14.0,0,,<-1>,,<-1>,8.8,0,366.9,0,,<-1>,,<-1>,,<-1>,,<-1>
gtmpcnut,10/09/2007 12:30,2,1,,0.049,0,0.076,0,0.103,0,0.027,0,0.102,0,0.0175,0,0.0160,0,0.0335,0,0.136,0,0.7880,<1> [SCC] (CSM),0.7416,<1> [SCC] (CSM),-0.0464,<-3> [SNV] (CSM),3.1,0,1.8,0,2.4,0,1.91,0,7.590,0,,<-1>,,<-1>,7.0,0,,<-1>,,<-1>,9.3,0,529.8,0,,<-1>,,<-1>,,<-1>,,<-1>
gtmpcnut,10/09/2007 15:00,2,1,,0.055,0,0.090,0,0.111,0,0.021,0,0.060,0,0.0269,0,0.0038,0,0.0307,0,0.091,0,1.5659,0,1.5784,0,0.0125,0,2.3,0,1.3,0,1.7,0,2.40,0,9.241,0,,<-1>,,<-1>,0.0,0,,<-1>,,<-1>,10.2,0,681.8,0,,<-1>,,<-1>,,<-1>,,<-1>
gtmpcnut,10/09/2007 17:30,2,1,,0.053,0,0.087,0,0.102,0,0.015,0,0.053,0,0.0279,0,0.0034,0,0.0313,0,0.084,0,1.1405,0,1.5406,0,0.4001,0,1.0,0,0.7,0,0.5,0,2.28,0,9.246,0,,<-1>,,<-1>,0.0,0,,<-1>,,<-1>,5.7,0,693.1,0,,<-1>,,<-1>,,<-1>,,<-1>
gtmpcnut,10/09/2007 20:00,2,1,,0.056,0,0.088,0,0.117,0,0.029,0,0.070,0,0.0275,0,0.0066,0,0.0341,0,0.104,0,1.1349,0,1.1392,0,0.0043,0,2.4,0,1.5,0,1.7,0,1.87,0,9.199,0,,<-1>,,<-1>,3.0,0,,<-1>,,<-1>,12.0,0,662.7,0,,<-1>,,<-1>,,<-1>,,<-1>
gtmpcnut,10/09/2007 22:30,2,1,,0.046,0,0.072,0,0.097,0,0.025,0,0.112,0,0.0180,0,0.0162,0,0.0342,0,0.146,0,0.5579,<1> [SCC] (CSM),0.5423,<1> [SCC] (CSM),-0.0156,<-3> [SNV] (CSM),4.0,0,2.7,0,2.5,0,2.55,0,7.566,0,,<-1>,,<-1>,8.0,0,,<-1>,,<-1>,10.0,0,491.7,0,,<-1>,,<-1>,,<-1>,,<-1>
gtmpcnut,10/10/2007 01:00,2,1,,0.054,0,0.085,0,0.113,0,0.028,0,0.092,0,0.0236,0,0.0126,0,0.0362,0,0.128,0,0.8113,0,0.8436,0,0.0323,0,3.2,0,2.2,0,1.8,0,1.58,0,8.363,0,,<-1>,,<-1>,5.0,0,,<-1>,,<-1>,11.6,0,600.9,0,,<-1>,,<-1>,,<-1>,,<-1>
gtmpcnut,10/10/2007 03:30,2,1,,0.059,0,0.094,0,0.112,0,0.018,0,0.066,0,0.0266,0,0.0015,0,0.0281,0,0.094,0,1.3355,0,1.6567,0,0.3212,0,1.6,0,1.1,0,0.8,0,2.06,0,9.182,0,,<-1>,,<-1>,0.0,0,,<-1>,,<-1>,8.5,0,696.6,0,,<-1>,,<-1>,,<-1>,,<-1>
gtmpcnut,10/10/2007 06:00,2,1,,0.059,0,0.094,0,0.104,0,0.010,0,0.074,0,0.0296,0,0.0034,0,0.0330,0,0.107,0,1.3213,0,1.4794,0,0.1581,0,1.2,0,0.7,0,0.9,0,2.02,0,9.075,0,,<-1>,,<-1>,0.0,0,,<-1>,,<-1>,4.8,0,691.0,0,,<-1>,,<-1>,,<-1>,,<-1>
gtmpcnut,10/10/2007 08:30,2,1,,0.057,0,0.087,0,0.113,0,0.026,0,0.105,0,0.0237,0,0.0110,0,0.0347,0,0.140,0,0.7722,0,0.8099,0,0.0377,0,3.5,0,2.0,0,2.6,0,2.17,0,8.452,0,,<-1>,,<-1>,3.0,0,,<-1>,,<-1>,11.5,0,595.2,0,,<-1>,,<-1>,,<-1>,,<-1>
gtmpcnut,10/10/2007 11:00,2,1,,0.041,0,0.064,0,0.079,0,0.015,0,0.141,0,0.0140,0,0.0115,0,0.0255,0,0.166,0,0.7941,0,0.8455,0,0.0514,0,4.6,0,3.6,0,1.9,0,2.21,0,5.416,0,,<-1>,,<-1>,16.0,0,,<-1>,,<-1>,6.9,0,302.2,0,,<-1>,,<-1>,,<-1>,,<-1>
gtmfmnut,11/13/2007 12:51,1,1,,0.013,0,0.021,0,0.034,0,0.013,0,0.024,0,0.0043,<-4> [SBL],,<-4> [SCB],0.0062,<-4> [SBL],,<-4> [SCB],0.2587,0,0.2800,0,0.0213,0,3.0,0,2.9,0,0.3,0,0.79,0,0.558,0,42.4,0,19.4,0,27.9,0,,<-2> [GDM],,<-2> [GDM],2.5,0,31.4,0,1.5,0,1126.0,0,346.4,0,779.6,0
gtmfmnut,11/13/2007 12:52,1,2,,0.011,0,0.023,0,0.031,0,0.008,0,0.022,0,0.0043,<-4> [SBL],,<-4> [SCB],0.0062,<-4> [SBL],,<-4> [SCB],0.2087,0,0.2825,0,0.0738,0,3.0,0,2.7,0,0.7,0,0.96,0,0.549,0,48.6,0,19.4,0,27.9,0,,<-2> [GDM],,<-2> [GDM],2.4,0,13.2,0,1.5,0,1126.0,0,346.4,0,779.6,0
gtmssnut,11/13/2007 10:41,1,1,,0.005,0,0.01,<-4> [SBL],0.024,0,,<-4> [SCB],0.019,0,0.0043,<-4> [SBL],,<-4> [SCB],0.0062,<-4> [SBL],,<-4> [SCB],0.1749,0,0.2866,0,0.1117,0,3.7,0,3.8,0,0.01,<-4> [SBL],0.93,0,0.515,0,26.2,0,19.6,0,28.5,0,,<-2> [GDM],,<-2> [GDM],2.2,0,3.9,0,2.5,0,1294.0,0,596.9,0,697.1,0
gtmssnut,11/13/2007 10:42,1,2,,0.004,0,0.011,0,0.024,0,0.013,0,0.013,0,0.0043,<-4> [SBL],,<-4> [SCB],0.0062,<-4> [SBL],,<-4> [SCB],0.1728,0,0.2390,0,0.0662,0,4.0,0,4.2,0,0.01,<-4> [SBL],0.85,0,0.307,<-4> [SBL],15.2,0,19.6,0,28.5,0,,<-2> [GDM],,<-2> [GDM],1.5,0,17.4,0,2.5,0,1294.0,0,596.9,0,697.1,0
gtmpinut,11/13/2007 11:36,1,1,,0.029,0,0.043,0,0.065,0,0.022,0,0.125,0,0.0263,0,0.0693,0,0.0956,0,0.221,0,0.6515,0,0.7719,0,0.1204,0,3.5,0,3.4,0,0.3,0,1.16,0,2.960,0,31.6,0,18.8,0,20.6,0,,<-2> [GDM],,<-2> [GDM],5.6,0,78.7,0,1.3,0,1110.0,0,67.4,0,1042.6,0
gtmpinut,11/13/2007 11:37,1,2,,0.029,0,0.042,0,0.064,0,0.022,0,0.113,0,0.0260,0,0.0720,0,0.0980,0,0.211,0,0.5174,0,0.6578,0,0.1404,0,3.8,0,3.6,0,0.4,0,1.29,0,3.144,0,35.2,0,18.8,0,20.6,0,,<-2> [GDM],,<-2> [GDM],5.4,0,82.6,0,1.3,0,1110.0,0,67.4,0,1042.6,0
gtmpcnut,11/13/2007 14:16,1,1,,0.019,0,0.034,0,0.050,0,0.016,0,0.051,0,0.0055,0,0.0185,0,0.0240,0,0.075,0,0.7126,0,0.7545,0,0.0419,0,5.5,0,5.6,0,0.01,<-4> [SBL],0.98,0,3.649,0,31.3,0,20.0,0,18.4,0,,<-2> [GDM],,<-2> [GDM],4.5,0,165.9,0,0.8,0,767.4,0,7.4,0,760.0,0
gtmpcnut,11/13/2007 14:17,1,2,,0.018,0,0.032,0,0.049,0,0.017,0,0.046,0,0.0054,0,0.0172,0,0.0226,0,0.069,0,0.4717,0,0.4808,0,0.0091,0,2.8,0,2.4,0,0.6,0,1.03,0,3.393,0,34.3,0,20.0,0,18.4,0,,<-2> [GDM],,<-2> [GDM],4.2,0,155.4,0,0.8,0,767.4,0,7.4,0,760.0,0
gtmpcnut,11/12/2007 12:30,2,1,,0.018,0,0.033,0,0.056,0,0.023,0,0.040,0,0.0072,0,0.0156,0,0.0228,0,0.063,0,0.5845,0,0.6902,0,0.1057,0,3.3,0,3.1,0,0.4,0,0.81,0,4.321,0,,<-1>,,<-1>,20.0,0,,<-1>,,<-1>,5.3,0,192.6,0,,<-1>,,<-1>,,<-1>,,<-1>
gtmpcnut,11/12/2007 15:00,2,1,,0.022,0,0.034,0,0.058,0,0.024,0,0.051,0,0.0080,0,0.0204,0,0.0284,0,0.079,0,0.6171,<1> [SCC] (CSM),0.5995,<1> [SCC] (CSM),-0.0176,<-3> [SNV] (CSM),3.9,0,3.4,0,1.0,0,1.36,0,5.341,0,,<-1>,,<-1>,16.0,0,,<-1>,,<-1>,5.3,0,250.8,0,,<-1>,,<-1>,,<-1>,,<-1>
gtmpcnut,11/12/2007 17:30,2,1,,0.028,0,0.049,0,0.064,0,0.015,0,0.058,0,0.0092,0,0.0231,0,0.0323,0,0.090,0,0.5984,0,0.6292,0,0.0308,0,3.6,0,3.4,0,0.5,0,0.82,0,6.532,0,,<-1>,,<-1>,9.0,0,,<-1>,,<-1>,3.0,0,348.1,0,,<-1>,,<-1>,,<-1>,,<-1>
gtmpcnut,11/12/2007 20:00,2,1,,0.031,0,0.051,0,0.063,0,0.012,0,0.065,0,0.0099,0,0.0215,0,0.0314,0,0.096,0,0.6383,0,0.6955,0,0.0572,0,2.2,0,2.4,0,0.01,<-4> [SBL],1.24,0,7.016,0,,<-1>,,<-1>,7.0,0,,<-1>,,<-1>,2.9,0,362.8,0,,<-1>,,<-1>,,<-1>,,<-1>
gtmpcnut,11/12/2007 22:30,2,1,,0.031,0,0.048,0,0.061,0,0.013,0,0.064,0,0.0097,0,0.0264,0,0.0361,0,0.100,0,0.5234,0,0.6264,0,0.1030,0,3.1,0,3.0,0,0.4,0,0.89,0,6.506,0,,<-1>,,<-1>,9.0,0,,<-1>,,<-1>,2.7,0,341.1,0,,<-1>,,<-1>,,<-1>,,<-1>
gtmpcnut,11/13/2007 01:00,2,1,,0.023,0,0.043,0,0.054,0,0.011,0,0.056,0,0.0081,0,0.0237,0,0.0318,0,0.088,0,0.5015,0,0.5263,0,0.0248,0,2.4,0,2.2,0,0.3,0,1.18,0,4.518,0,,<-1>,,<-1>,15.0,0,,<-1>,,<-1>,3.2,0,241.9,0,,<-1>,,<-1>,,<-1>,,<-1>
gtmpcnut,11/13/2007 03:30,2,1,,0.026,0,0.044,0,0.059,0,0.015,0,0.068,0,0.0084,0,0.0283,0,0.0367,0,0.105,0,0.5551,<1> [SCC] (CSM),0.5421,<1> [SCC] (CSM),-0.0130,<-3> [SNV] (CSM),4.0,0,4.2,0,0.01,<-4> [SBL],1.01,0,5.459,0,,<-1>,,<-1>,14.0,0,,<-1>,,<-1>,2.6,0,282.2,0,,<-1>,,<-1>,,<-1>,,<-1>
gtmpcnut,11/13/2007 06:00,2,1,,0.030,0,0.048,0,0.060,0,0.012,0,0.061,0,0.0085,0,0.0281,0,0.0366,0,0.098,0,0.5096,<1> [SCC] (CSM),0.5074,<1> [SCC] (CSM),-0.0022,<-3> [SNV] (CSM),2.1,0,2.0,0,0.2,0,1.12,0,6.672,0,,<-1>,,<-1>,10.0,0,,<-1>,,<-1>,2.5,0,327.9,0,,<-1>,,<-1>,,<-1>,,<-1>
gtmpcnut,11/13/2007 08:30,2,1,,0.036,0,0.055,0,0.069,0,0.014,0,0.061,0,0.0107,0,0.0234,0,0.0341,0,0.095,0,0.7686,0,0.7880,0,0.0194,0,1.7,0,1.6,0,0.4,0,0.90,0,7.998,0,,<-1>,,<-1>,4.0,0,,<-1>,,<-1>,2.9,0,387.2,0,,<-1>,,<-1>,,<-1>,,<-1>
gtmpcnut,11/13/2007 11:00,2,1,,0.026,0,0.042,0,0.059,0,0.017,0,0.056,0,0.0084,0,0.0288,0,0.0372,0,0.093,0,0.7360,0,0.7820,0,0.0460,0,3.3,0,2.9,0,0.8,0,1.06,0,5.014,0,,<-1>,,<-1>,15.0,0,,<-1>,,<-1>,3.9,0,258.6,0,,<-1>,,<-1>,,<-1>,,<-1>
gtmpcnut,11/13/2007 13:30,2,1,,0.018,0,0.031,0,0.047,0,0.016,0,0.033,0,0.0066,0,0.0174,0,0.0240,0,0.057,0,0.4809,0,0.5712,0,0.0903,0,3.1,0,2.7,0,0.8,0,0.83,0,3.078,0,,<-1>,,<-1>,24.0,0,,<-1>,,<-1>,4.6,0,152.7,0,,<-1>,,<-1>,,<-1>,,<-1>
gtmfmnut,12/10/2007 11:56,1,1,,0.014,0,0.025,0,0.029,0,0.004,0,0.022,0,0.0043,<-4> [SBL],,<-4> [SCB],0.0062,<-4> [SBL],,<-4> [SCB],0.1962,0,0.2282,0,0.0320,0,1.6,0,1.3,0,0.4,0,0.58,0,0.770,0,44.6,0,20.3,0,32.1,0,6.1,0,7.9,0,2.4,0,9.7,0,,<-2> [GDM],1257.0,0,460.7,0,796.3,0
gtmfmnut,12/10/2007 11:57,1,2,,0.015,0,0.025,0,0.031,0,0.006,0,0.022,0,0.0043,<-4> [SBL],,<-4> [SCB],0.0064,0,0.028,0,0.1999,0,0.2291,0,0.0292,0,1.6,0,1.3,0,0.4,0,0.56,0,0.964,0,24.8,0,20.3,0,32.1,0,6.1,0,7.9,0,2.7,0,15.7,0,,<-2> [GDM],1257.0,0,460.7,0,796.3,0
gtmssnut,12/10/2007 09:26,1,1,,0.006,0,0.014,0,0.021,0,0.007,0,0.013,0,0.0043,<-4> [SBL],,<-4> [SCB],0.0062,<-4> [SBL],,<-4> [SCB],0.1940,0,0.2377,0,0.0437,0,3.1,0,2.9,0,0.5,0,0.64,0,0.417,0,26.0,0,18.5,0,31.9,0,6.3,0,8.0,0,1.3,0,5.6,0,,<-2> [GDM],846.7,0,269.3,0,577.4,0
gtmssnut,12/10/2007 09:27,1,2,,0.006,0,0.014,0,0.020,0,0.006,0,0.013,0,0.0043,<-4> [SBL],,<-4> [SCB],0.0062,<-4> [SBL],,<-4> [SCB],0.2349,<1> [SCC] (CSM),0.2224,<1> [SCC] (CSM),-0.0125,<-3> [SNV] (CSM),3.3,0,3.1,0,0.4,0,0.68,0,0.397,0,24.4,0,18.5,0,31.9,0,6.3,0,8.0,0,1.3,0,6.0,0,,<-2> [GDM],846.7,0,269.3,0,577.4,0
gtmpinut,12/10/2007 10:31,1,1,,0.026,0,0.039,0,0.051,0,0.012,0,0.046,0,0.0043,<-4> [SBL],,<-4> [SCB],0.0267,0,0.073,0,0.4046,0,0.4591,0,0.0545,0,5.0,0,4.2,0,1.5,0,0.82,0,1.885,0,23.4,0,19.2,0,28.8,0,5.9,0,7.8,0,3.6,0,28.8,0,,<-2> [GDM],1060.0,0,174.1,0,885.9,0
gtmpinut,12/10/2007 10:32,1,2,,0.026,0,0.039,0,0.050,0,0.011,0,0.046,0,0.0044,0,0.0233,0,0.0277,0,0.074,0,0.2817,0,0.4512,0,0.1695,0,5.4,0,4.5,0,1.8,0,0.87,0,1.956,0,26.4,0,19.2,0,28.8,0,5.9,0,7.8,0,3.6,0,32.5,0,,<-2> [GDM],1060.0,0,174.1,0,885.9,0
gtmpcnut,12/10/2007 12:56,1,1,,0.022,0,0.036,0,0.061,0,0.025,0,0.014,0,0.0043,<-4> [SBL],,<-4> [SCB],0.0062,<-4> [SBL],,<-4> [SCB],0.3571,0,0.4253,0,0.0682,0,8.3,0,6.7,0,2.9,0,1.81,0,4.841,0,56.0,0,20.2,0,22.5,0,5.3,0,7.8,0,9.0,0,51.2,0,,<-2> [GDM],1401.0,0,49.7,0,1351.3,0
gtmpcnut,12/10/2007 12:57,1,2,,0.023,0,0.036,0,0.060,0,0.024,0,0.018,0,0.0043,<-4> [SBL],,<-4> [SCB],0.0062,<-4> [SBL],,<-4> [SCB],0.1845,0,0.1930,0,0.0085,0,8.9,0,7.2,0,3.3,0,1.83,0,4.060,0,53.7,0,20.2,0,22.5,0,5.3,0,7.8,0,8.7,0,51.2,0,,<-2> [GDM],1401.0,0,49.7,0,1351.3,0
gtmpcnut,12/09/2007 10:40,2,1,,0.021,0,0.033,0,0.048,0,0.015,0,0.012,<-4> [SBL],0.0043,<-4> [SBL],,<-4> [SCB],0.0062,<-4> [SBL],,<-4> [SCB],0.1852,0,0.2064,0,0.0212,0,6.2,0,4.2,0,3.6,0,1.53,0,3.698,0,,<-1>,,<-1>,22.0,0,,<-1>,,<-1>,7.8,0,49.8,0,,<-1>,,<-1>,,<-1>,,<-1>
gtmpcnut,12/09/2007 13:10,2,1,,0.023,0,0.038,0,0.056,0,0.018,0,0.012,<-4> [SBL],0.0043,<-4> [SBL],,<-4> [SCB],0.0062,<-4> [SBL],,<-4> [SCB],0.3776,0,0.4561,0,0.0785,0,7.2,0,5.4,0,3.3,0,1.63,0,4.690,0,,<-1>,,<-1>,17.0,0,,<-1>,,<-1>,6.2,0,65.1,0,,<-1>,,<-1>,,<-1>,,<-1>
gtmpcnut,12/09/2007 15:40,2,1,,0.028,0,0.043,0,0.061,0,0.018,0,0.012,<-4> [SBL],0.0043,<-4> [SBL],,<-4> [SCB],0.0062,<-4> [SBL],,<-4> [SCB],0.2978,0,0.3194,0,0.0216,0,7.8,0,5.6,0,4.1,0,1.70,0,5.270,0,,<-1>,,<-1>,16.0,0,,<-1>,,<-1>,4.9,0,73.3,0,,<-1>,,<-1>,,<-1>,,<-1>
gtmpcnut,12/09/2007 18:10,2,1,,0.028,0,0.043,0,0.066,0,0.023,0,0.012,<-4> [SBL],0.0043,<-4> [SBL],,<-4> [SCB],0.0062,<-4> [SBL],,<-4> [SCB],0.4048,0,0.4554,0,0.0506,0,10.0,0,8.2,0,3.5,0,1.61,0,6.198,0,,<-1>,,<-1>,14.0,0,,<-1>,,<-1>,6.2,0,77.8,0,,<-1>,,<-1>,,<-1>,,<-1>
gtmpcnut,12/09/2007 20:40,2,1,,0.033,0,0.043,0,0.069,0,0.026,0,0.012,<-4> [SBL],0.0043,<-4> [SBL],,<-4> [SCB],0.0062,<-4> [SBL],,<-4> [SCB],0.2237,0,0.2764,0,0.0527,0,8.5,0,6.9,0,3.0,0,1.67,0,6.146,0,,<-1>,,<-1>,18.0,0,,<-1>,,<-1>,7.7,0,80.8,0,,<-1>,,<-1>,,<-1>,,<-1>
gtmpcnut,12/09/2007 23:10,2,1,,0.025,0,0.038,0,0.052,0,0.014,0,0.025,0,0.0043,<-4> [SBL],,<-4> [SCB],0.0062,<-4> [SBL],,<-4> [SCB],0.1855,0,0.2871,0,0.1016,0,5.8,0,3.8,0,3.6,0,1.23,0,5.055,0,,<-1>,,<-1>,19.0,0,,<-1>,,<-1>,4.2,0,64.0,0,,<-1>,,<-1>,,<-1>,,<-1>
gtmpcnut,12/10/2007 01:40,2,1,,0.030,0,0.046,0,0.073,0,0.027,0,0.063,0,0.0043,<-4> [SBL],,<-4> [SCB],0.0062,<-4> [SBL],,<-4> [SCB],0.2089,0,0.2443,0,0.0354,0,7.8,0,6.2,0,2.9,0,1.86,0,5.067,0,,<-1>,,<-1>,17.0,0,,<-1>,,<-1>,6.1,0,64.0,0,,<-1>,,<-1>,,<-1>,,<-1>
gtmpcnut,12/10/2007 04:10,2,1,,0.026,0,0.042,0,0.063,0,0.021,0,0.020,0,0.0043,<-4> [SBL],,<-4> [SCB],0.0062,<-4> [SBL],,<-4> [SCB],0.1600,0,0.1936,0,0.0336,0,9.4,0,7.8,0,3.0,0,1.29,0,5.853,0,,<-1>,,<-1>,16.0,0,,<-1>,,<-1>,6.4,0,70.3,0,,<-1>,,<-1>,,<-1>,,<-1>
gtmpcnut,12/10/2007 06:40,2,1,,0.029,0,0.042,0,0.065,0,0.023,0,0.031,0,0.0043,<-4> [SBL],,<-4> [SCB],0.0098,0,0.041,0,0.2239,0,0.2459,0,0.0220,0,13.1,0,11.2,0,3.8,0,1.36,0,6.334,0,,<-1>,,<-1>,14.0,0,,<-1>,,<-1>,5.8,0,76.3,0,,<-1>,,<-1>,,<-1>,,<-1>
gtmpcnut,12/10/2007 09:10,2,1,,0.034,0,0.043,0,0.068,0,0.025,0,0.020,0,0.0043,<-4> [SBL],,<-4> [SCB],0.0062,<-4> [SBL],,<-4> [SCB],0.1887,0,0.2011,0,0.0124,0,10.2,0,8.5,0,3.2,0,1.44,0,6.575,0,,<-1>,,<-1>,13.0,0,,<-1>,,<-1>,5.4,0,104.0,0,,<-1>,,<-1>,,<-1>,,<-1>
gtmpcnut,12/10/2007 11:40,2,1,,0.019,0,0.033,0,0.056,0,0.023,0,0.017,0,0.0043,<-4> [SBL],,<-4> [SCB],0.0062,<-4> [SBL],,<-4> [SCB],0.1543,0,0.2151,0,0.0608,0,7.7,0,6.7,0,2.0,0,1.52,0,3.464,0,,<-1>,,<-1>,24.0,0,,<-1>,,<-1>,8.6,0,47.1,0,,<-1>,,<-1>,,<-1>,,<-1>
